/*
SQLyog Ultimate v8.55 
MySQL - 5.5.5-10.0.17-MariaDB : Database - openclassifieds
*********************************************************************
*/

/*!40101 SET NAMES utf8 */;

/*!40101 SET SQL_MODE=''*/;

/*!40014 SET @OLD_UNIQUE_CHECKS=@@UNIQUE_CHECKS, UNIQUE_CHECKS=0 */;
/*!40014 SET @OLD_FOREIGN_KEY_CHECKS=@@FOREIGN_KEY_CHECKS, FOREIGN_KEY_CHECKS=0 */;
/*!40101 SET @OLD_SQL_MODE=@@SQL_MODE, SQL_MODE='NO_AUTO_VALUE_ON_ZERO' */;
/*!40111 SET @OLD_SQL_NOTES=@@SQL_NOTES, SQL_NOTES=0 */;
/*Table structure for table `oc2_access` */

DROP TABLE IF EXISTS `oc2_access`;

CREATE TABLE `oc2_access` (
  `id_access` int(10) unsigned NOT NULL AUTO_INCREMENT,
  `id_role` int(10) unsigned NOT NULL,
  `access` varchar(100) NOT NULL,
  PRIMARY KEY (`id_access`)
) ENGINE=MyISAM AUTO_INCREMENT=24 DEFAULT CHARSET=utf8;

/*Data for the table `oc2_access` */

insert  into `oc2_access`(`id_access`,`id_role`,`access`) values (1,10,'*.*'),(2,1,'profile.*'),(3,1,'stats.user'),(4,1,'myads.*'),(5,1,'messages.*'),(6,5,'translations.*'),(7,5,'profile.*'),(8,5,'stats.user'),(9,5,'content.*'),(10,5,'myads.*'),(11,5,'messages.*'),(12,7,'profile.*'),(13,7,'content.*'),(14,7,'stats.user'),(15,7,'blog.*'),(16,7,'translations.*'),(17,7,'ad.*'),(18,7,'widgets.*'),(19,7,'menu.*'),(20,7,'category.*'),(21,7,'location.*'),(22,7,'myads.*'),(23,7,'messages.*');

/*Table structure for table `oc2_ads` */

DROP TABLE IF EXISTS `oc2_ads`;

CREATE TABLE `oc2_ads` (
  `id_ad` int(10) unsigned NOT NULL AUTO_INCREMENT,
  `id_user` int(10) unsigned NOT NULL,
  `id_category` int(10) unsigned NOT NULL DEFAULT '0',
  `id_location` int(10) unsigned NOT NULL DEFAULT '0',
  `title` varchar(145) NOT NULL,
  `seotitle` varchar(145) NOT NULL,
  `description` text NOT NULL,
  `address` varchar(145) DEFAULT '0',
  `latitude` float(10,6) DEFAULT NULL,
  `longitude` float(10,6) DEFAULT NULL,
  `price` decimal(14,3) NOT NULL DEFAULT '0.000',
  `phone` varchar(30) DEFAULT NULL,
  `website` varchar(200) DEFAULT NULL,
  `ip_address` bigint(20) DEFAULT NULL,
  `created` timestamp NOT NULL DEFAULT CURRENT_TIMESTAMP,
  `published` datetime DEFAULT NULL,
  `featured` datetime DEFAULT NULL,
  `premium` datetime DEFAULT NULL,
  `sponsored` datetime DEFAULT NULL,
  `highlighted` datetime DEFAULT NULL,
  `bumpup` datetime DEFAULT NULL,
  `linkweb` datetime DEFAULT NULL,
  `last_modified` datetime DEFAULT NULL,
  `status` tinyint(1) NOT NULL DEFAULT '0',
  `has_images` tinyint(1) NOT NULL DEFAULT '0',
  `stock` int(10) unsigned DEFAULT NULL,
  `rate` float(4,2) DEFAULT NULL,
  `favorited` int(10) unsigned NOT NULL DEFAULT '0',
  `cf_map-link` varchar(256) DEFAULT NULL,
  PRIMARY KEY (`id_ad`) USING BTREE,
  UNIQUE KEY `oc2_ads_UK_seotitle` (`seotitle`),
  KEY `oc2_ads_IK_id_user` (`id_user`),
  KEY `oc2_ads_IK_id_category` (`id_category`),
  KEY `oc2_ads_IK_title` (`title`),
  KEY `oc2_ads_IK_status` (`status`)
) ENGINE=MyISAM AUTO_INCREMENT=25 DEFAULT CHARSET=utf8;

/*Data for the table `oc2_ads` */

insert  into `oc2_ads`(`id_ad`,`id_user`,`id_category`,`id_location`,`title`,`seotitle`,`description`,`address`,`latitude`,`longitude`,`price`,`phone`,`website`,`ip_address`,`created`,`published`,`featured`,`premium`,`sponsored`,`highlighted`,`bumpup`,`linkweb`,`last_modified`,`status`,`has_images`,`stock`,`rate`,`favorited`,`cf_map-link`) values (4,1,31,402,'Vauxhall Astra VXR','vauxhall-astra-vxr','Vauxhall Astra VXR \n\n2007\n2.0 16v \n4 x New tyres\n19\" Alloys\nRecaro seats \nAux input \nFull Service History\n\n£ 4700','Douglas',NULL,NULL,'4700.000',' 07624333330','',NULL,'2016-02-27 11:09:47','2016-02-27 11:09:47',NULL,NULL,NULL,NULL,NULL,NULL,NULL,1,4,NULL,NULL,0,NULL),(5,1,49,414,'Comedy Night At The Pavilion Bar in Ryde ( on the Seafront)','comedy-night-at-the-pavilion-bar-in-ryde-on-the-seafront','4 Amazing mainland comics coming over to the Isle of Wight to bring you a great night of laughter , please book in Advance .... 01983 617070\n\n','Sandown, Isle of Wight',NULL,NULL,'0.000',' 07548100531','',NULL,'2016-02-27 11:16:32','2016-02-27 11:16:32',NULL,NULL,NULL,NULL,NULL,NULL,NULL,1,1,NULL,NULL,0,NULL),(6,1,64,488,'Mixture of size 10 tops, dresses and beauty products. 3 items for £5!','mixture-of-size-10-tops-dresses-and-beauty-products-3-items-for-5','Any 3 items for £5!! \n\nMixture of womens dresses, tops, cardigans and coats. As well as bags, scarves and beauty products; soap amd glory lipgloss, soap amd glory body lotion, bodyshop body butter, boots body butter and bodyshop lip balms. \n\nMainly size 10. \n\nFrom a variety of shops; \nNew Look \nPrimark \nTesco \nRiver Island \nBank \nAccessorize \nAsos \nNext \nLA Gear \nMiss Selfridge\n\n','Llanelli, Carmarthenshire',NULL,NULL,'5.000',' 07772630367','',NULL,'2016-02-27 11:22:23','2016-02-27 11:22:23',NULL,NULL,NULL,NULL,NULL,NULL,NULL,1,1,NULL,NULL,0,NULL),(7,1,65,341,'LADIE\'S VIKING CLASSIC STYLE CITY BIKE','ladie-s-viking-classic-style-city-bike','Ladie\'s Viking City bike in good condition. Has been fully serviced and is in good working order. \n\n26\" Wheel\'s \n17\" Frame \nSingle Speed \nRear Carrier \nFull Mudguard\'s \nBell \nCentre Stand \nChainguard \n\nCome\'s with a front wheel Basket holder for easily fitting a Basket. Collection from the CB4 Area of Cambridge, near to the City Centre or may deliver locally for a small fee.\n\n','Cambridge, Cambridgeshire',44.574825,25.940228,'65.000','07715624627','',NULL,'2016-02-27 11:29:33','2016-02-27 11:29:33',NULL,NULL,NULL,NULL,NULL,NULL,'2016-03-03 12:19:05',1,1,NULL,NULL,0,NULL),(8,1,143,425,'Customer Service & Sales Advisor - Immediate Start','customer-service-sales-advisor-immediate-start','Customer Service & Sales Assistant \n\nTepo Consultancy is an outsourced sales and client acquisition firm that represents a number of large multinational clients.We are currently seeking self-motivated individuals who are willing and able to grow personally and professionally with an expanding company. \n\nTepo Consultancy is growing in a down economy.We are looking to fill marketing and management openings.With our direct marketing strategies, we are looking for sharp career-oriented candidates who have great customer service skills. \n\nThis opening involves one on one interaction with customers on a face-to-face basis. We specialise in business-to-business, business to consumer and promotional events on behalf of our clients ensuring that not only are we representing them to the highest possible standard but also furthermore increasing their market share. \n\nIndividuals are placed in a fast paced management development program therefore must be confident and capable of meeting and speaking with our customers face to face.Our company teaches inexperienced candidates the fundamentals of business, leadership, and entrepreneurship. Our growth is based on our results and with the current growth within the business it only emphasises our success to date. \n\nWhat Tepo Consultancy offers… \n\n·In house training program \n\n·Growth opportunity \n\n·Daily motivational meetings \n\n·Professional and Energetic atmosphere \n\n·Traveling opportunities \n\nJob Requirements \n\n·Excellent customer service skills \n\n·Must maintain student mentality \n\n·Positive attitude \n\n·Drive to succeed \n\n·Must be able to work well with others \n\n·Leadership skills \n\n·Ability to HAVE FUN \n\nHow to apply \n\nEmail your CV to Collette FAO the management team. Please note, only shortlisted candidates will be contacted.\n\n','',NULL,NULL,'0.000','','',NULL,'2016-02-27 11:34:29','2016-02-27 11:34:29',NULL,NULL,NULL,NULL,NULL,NULL,NULL,1,4,NULL,NULL,0,NULL),(3,1,109,368,'1 Bedroom flat close to Canning Town Station','1-bedroom-flat-close-to-canning-town-station','1 Bedroom flat close to Canning Town Station and all shops and amenities. Part furnished with double glazing and gas central heating. Separate lounge, separate bedroom, shower room and separate kitchen with washing machine, fridge-freezer and gas cooker. Deposit and references required. NO bills are included. £195 per week, £845 per calendar month. Contact Paul : 07850616860\n\n','Newham, London £845.00pm',NULL,NULL,'845.000','07850616860','',NULL,'2016-02-27 10:46:06','2016-02-27 10:46:06',NULL,NULL,NULL,NULL,NULL,NULL,NULL,1,4,NULL,NULL,0,NULL),(9,1,183,368,'Red tail shark, gourami, barb, bristlenose pleco','red-tail-shark-gourami-barb-bristlenose-pleco','Changing my tank around and now going for cichlids.\n\nSo all of these have got to go\n\nRed tail shark aprox 3-4 \" \nGourami aprox 3-4 \" \n2 barbs small \nBristlenose pleco aprox 3 \n\n£5 for 1 fish or £15 for everything \nThis is very cheap so stock your tank up a little \n\nPick up sladegreen / Erith \n\n07528811511\n\n','Erith, London',NULL,NULL,'5.000','07528811511','',NULL,'2016-02-27 11:51:39','2016-02-27 11:51:39',NULL,NULL,NULL,NULL,NULL,NULL,NULL,1,4,NULL,NULL,0,NULL),(10,1,163,425,'renault clio full mot clean car','renault-clio-full-mot-clean-car','Trip computer, Rear wiper, Drivers airbag, Passenger airbag, Isofix child seat anchor points, Remote central locking, Immobiliser, Electrically adjustable drivers seat, Lumbar support, Front electric windows, Folding rear seats, Sports seats, Alloy wheels, Front fog lights, Body coloured bumpers, Radio/Cassette, Audio remote control, full mot drives perfect no rattles or bangs no swaps or timewasters\n\n','belfast',54.597286,-5.930120,'495.000','07512727570','',NULL,'2016-02-27 11:58:55','2016-02-27 11:58:55',NULL,NULL,NULL,NULL,NULL,NULL,'2016-02-29 10:05:28',1,4,NULL,NULL,1,NULL),(11,1,186,368,'Teach & host international adult and junior students in London - earn up to £770 per week','teach-host-international-adult-and-junior-students-in-london-earn-up-to-770-per-week','Home tuition teachers required to teach school subjects and English and host adult or young learner international students in the Greater London area. You choose when you want to teach and host students making it an ideal job to fit around your existing teaching. \n\nWe require teachers that can teach school subject courses in English (maths, science, GCSEs & A Levels and International Baccalaureate) as well as General English courses. \n\nBucksmore Homelingua was founded in 1979 and since then thousands of students from around the world have studied at the home of one our qualified and friendly teachers. We are British Council accredited for our courses, teaching and operations and we are a member of EnglishUK association of language schools. Due to strong demand, we are looking to increase the number of host teachers. We currently work with over 250 teachers across the UK, including current and former school teachers, ESL teachers and home tutors. \n\nOur English immersion course packages include 10 - 30 hours of tuition, personalised course, accommodation, meals at the teacher\'s house, 2 half day local area excursions and 1 full day excursion for stays of more than one week. The course is held in the teacher\'s home. We also offer short 3-day intensive courses. \n\nOur students come from around the world and study General English, School Subjects (maths, science, GCSE/A Level) and Academic English. \n\nWe always ask teachers first before placing students with them and where possible we match students and teachers based on shared interests and backgrounds. \n\nWhat we offer \n*Competitive weekly teaching fee - adults up to £610 per week and juniors up to £770 per week \n*Training and induction \n*Academic support \n*Director of Studies to assist with planning and academic queries \n*Materials for young learner and exam preparation courses \n*Online webinars and training \n*Training days \n*DBS check for young learner teachers \n*Free online profile on our internet site \n\nWhat you offer \n*A degree in any subject \n*A teaching qualification (CELTA, TESOL, PGCE) \n*Enthusiasm to teach young learner and adult students \n*A positive and friendly attitude \n*Clean and welcoming accommodation \n*Prepared to take students on excursion in the local area \n*Available to host and teach students June - August \n\nRecruitment dates \nApplication deadline: Friday 11 March 2016 \nInterviews: February - April \nInterviews will be conducted via a Skype video call. \n\nOur busiest periods are throughout the summer, half-terms and Christmas & Easter holidays, but we also have a steady flow of students throughout the year. \n\nFor unqualified teachers, a subsidised TESOL course packages maybe available through Oxford International Education Group.\n\n','sweden',60.128162,18.643501,'770.000','02083128075','http://www.flipkart.com/',NULL,'2016-02-27 12:08:06','2016-02-27 12:08:06',NULL,NULL,NULL,NULL,NULL,NULL,'2016-03-01 08:58:00',1,4,NULL,NULL,0,NULL),(12,1,143,368,'Cleaner work available in South West London - Immediate Start - Earn £500 in your first week','cleaner-work-available-in-south-west-london-immediate-start-earn-500-in-your-first-week','Reliable domestic home cleaners required to join the UK\'s premier home services platform. Apply today and start working this week. We have hundreds of bookings available in your local area right now!&nbsp;Requirements&nbsp;*Be able to speak English and be authorised to work in the UK.&nbsp;*You must have access to the internet or a smartphone.&nbsp;Benefits&nbsp;* Earn between £8 -£9 an hour in to your bank account weekly&nbsp;* Choose from hundreds of bookings in your local areas.&nbsp;* Work when you want with a flexible schedule.&nbsp;* Work as much as you want to&nbsp;* Clean private homes with happy customers.&nbsp;* Full &amp; Part time positions available&nbsp;Apply today and start working this week!&nbsp;Search words: cleaner, house keeping, jobs, job, housekeeping, house keeper, maid, maids, part-time, part time, full-time, fulltime, hotel, home, limpieza, mucama, camarera, casual, cleaners, house keeping, house keeper, house keepers, housekeeping, housekeeper, housekeepers, maid, maids, homecleaning, housecleaning, hospitality, janitor, job, jobs, part-time, full time, skill, trade, hotel, contract, contractor, independent, freelance, customer, customers, client, clients, chamber maid, room service, room attendant.','South West London, London',51.507351,-0.127758,'500.000','','',NULL,'2016-03-01 12:57:26','2016-03-21 13:07:39','2016-04-20 14:10:43','2016-03-28 14:10:43',NULL,'2016-04-20 14:10:43',NULL,NULL,NULL,1,4,NULL,NULL,0,NULL),(13,1,31,368,'Honda Jazz 1.2 i VTEC SE 5dr (VSA)','honda-jazz-1-2-i-vtec-se-5dr-vsa','3 months warranty, Next MOT due 16/11/2016, Manual Air-Conditioning, 15in alloy wheels, Front Electric Windows, Stereo CD Tuner with MP3 Compatibility and Auxiliary Socket (MP3 Connection), 3x3 point rear seat belts, Airbags, Immobiliser, Power steering, Remote central locking, Traction control, Height adjustable drivers seat, Electric door mirrors, Child locks &amp; Isofix system, Alarm. 5 seats, cat C previously repaired BLUE, £3,995 p/x welcome Exchange Welcome ,all major cards accepted, we are based Unimix House, 22 Abbey Rd, London NW10 7TR','North West London, London',51.521152,-0.161330,'3695.000',' 07510616119','',NULL,'2016-03-01 13:08:55','2016-03-21 12:38:26',NULL,'2016-04-20 13:39:25',NULL,NULL,NULL,NULL,NULL,1,4,NULL,NULL,0,NULL),(14,2,31,330,'car sale','car-sale','frtreyteytuytutyuututuuuuuuuuuuu &nbsp;hjhjhjh ghjhj hjhjhkk&nbsp;','Guernsey',49.465691,-2.585278,'2.500','07715624627','',NULL,'2016-03-05 08:13:00','2016-03-05 08:13:00',NULL,NULL,NULL,NULL,NULL,NULL,NULL,1,4,NULL,NULL,0,NULL),(15,6,47,333,'Test By Ariv','test-by-ariv','sasas','C11, Nandhini St, Velmurugan Nagar, Namachivaya Nagar, Madakkulam, Tamil Nadu 625003, India',9.913886,78.091156,'0.000','','',NULL,'2016-03-08 10:52:58','2016-03-08 11:00:01',NULL,NULL,NULL,NULL,NULL,NULL,NULL,1,0,NULL,NULL,0,NULL),(16,1,47,334,'Timezone with counter','timezone-with-counter','WIth link website','',NULL,NULL,'0.000','','http://www.flipkart.com/',NULL,'2016-03-21 19:53:44',NULL,NULL,NULL,NULL,NULL,NULL,NULL,NULL,20,0,NULL,NULL,0,NULL),(17,1,59,410,'dummy ','dummy','gfhgfh','',NULL,NULL,'0.000','',NULL,NULL,'2016-03-24 19:12:59',NULL,NULL,NULL,NULL,NULL,NULL,NULL,NULL,20,0,NULL,NULL,0,NULL),(18,1,48,402,'fgsfsdf','fgsfsdf','sdfsdf','',NULL,NULL,'0.000','',NULL,NULL,'2016-03-29 04:21:38',NULL,NULL,NULL,NULL,NULL,NULL,NULL,NULL,20,0,NULL,NULL,0,NULL),(19,1,59,403,'saasdsad','saasdsad','sadsadsa','',NULL,NULL,'0.000','',NULL,NULL,'2016-03-29 04:42:16',NULL,NULL,NULL,NULL,NULL,NULL,NULL,NULL,20,0,NULL,NULL,0,NULL),(20,1,92,334,'saasdsadrthyth','saasdsadrthyth','sadsadsa','',NULL,NULL,'0.000','',NULL,NULL,'2016-03-29 05:26:41',NULL,NULL,NULL,NULL,NULL,NULL,NULL,NULL,20,0,NULL,NULL,0,NULL),(21,1,30,336,'hffdsfsdf','hffdsfsdf','fgsdgf','',NULL,NULL,'0.000','',NULL,NULL,'2016-03-29 05:27:21',NULL,NULL,NULL,NULL,NULL,NULL,NULL,NULL,20,0,NULL,NULL,0,NULL),(22,1,30,336,'hffdsfsdf','hffdsfsdf-1','fgsdgf','',NULL,NULL,'0.000','',NULL,NULL,'2016-03-29 05:27:48',NULL,NULL,NULL,NULL,NULL,NULL,NULL,NULL,20,0,NULL,NULL,0,NULL),(23,1,60,414,'gdfdfgfd','gdfdfgfd','bdfdgdfgfdgfdgfd','',NULL,NULL,'0.000','',NULL,NULL,'2016-03-29 05:30:00',NULL,NULL,NULL,NULL,NULL,NULL,NULL,NULL,20,0,NULL,NULL,0,NULL),(24,1,30,403,'test video','test-video','easdfdfsdf','',NULL,NULL,'10.000','123456789',NULL,NULL,'2016-03-31 04:36:47','2016-03-31 04:36:47',NULL,NULL,NULL,NULL,NULL,NULL,NULL,1,0,NULL,NULL,0,NULL);

/*Table structure for table `oc2_attachments` */

DROP TABLE IF EXISTS `oc2_attachments`;

CREATE TABLE `oc2_attachments` (
  `atch_id` int(11) NOT NULL AUTO_INCREMENT,
  `id_ad` int(11) NOT NULL,
  `atch_type` enum('IMAGE','VIDEO') DEFAULT NULL,
  `atch_path` varchar(250) DEFAULT NULL,
  `atch_created_by` int(11) DEFAULT NULL,
  `atch_created_ip` varchar(100) DEFAULT NULL,
  `atch_created_on` timestamp NOT NULL DEFAULT CURRENT_TIMESTAMP ON UPDATE CURRENT_TIMESTAMP,
  PRIMARY KEY (`atch_id`)
) ENGINE=InnoDB AUTO_INCREMENT=2 DEFAULT CHARSET=latin1;

/*Data for the table `oc2_attachments` */

insert  into `oc2_attachments`(`atch_id`,`id_ad`,`atch_type`,`atch_path`,`atch_created_by`,`atch_created_ip`,`atch_created_on`) values (1,24,'VIDEO','http://www.youtube.com/embed/IarsrX60bZw?rel=0&amp;showinfo=0',NULL,'0','2016-03-31 08:12:01');

/*Table structure for table `oc2_categories` */

DROP TABLE IF EXISTS `oc2_categories`;

CREATE TABLE `oc2_categories` (
  `id_category` int(10) unsigned NOT NULL AUTO_INCREMENT,
  `name` varchar(145) NOT NULL,
  `order` int(2) unsigned NOT NULL DEFAULT '0',
  `created` timestamp NOT NULL DEFAULT CURRENT_TIMESTAMP ON UPDATE CURRENT_TIMESTAMP,
  `id_category_parent` int(10) unsigned NOT NULL DEFAULT '0',
  `parent_deep` int(2) unsigned NOT NULL DEFAULT '0',
  `seoname` varchar(145) NOT NULL,
  `description` text,
  `price` decimal(10,2) NOT NULL DEFAULT '0.00',
  `last_modified` datetime DEFAULT NULL,
  `has_image` tinyint(1) NOT NULL DEFAULT '0',
  `has_icon_class` varchar(100) DEFAULT NULL,
  PRIMARY KEY (`id_category`) USING BTREE,
  UNIQUE KEY `oc2_categories_IK_seo_name` (`seoname`)
) ENGINE=MyISAM AUTO_INCREMENT=225 DEFAULT CHARSET=utf8;

/*Data for the table `oc2_categories` */

insert  into `oc2_categories`(`id_category`,`name`,`order`,`created`,`id_category_parent`,`parent_deep`,`seoname`,`description`,`price`,`last_modified`,`has_image`,`has_icon_class`) values (1,'Home category',0,'2016-02-11 22:41:17',0,0,'all','root category','0.00',NULL,0,NULL),(111,'Garages & Storage Units',2,'2016-02-22 05:55:51',108,1,'garages-storage-units','<p><br></p>','0.00',NULL,0,NULL),(148,'Men seeking Women',2,'2016-02-22 22:50:17',146,1,'men-seeking-women','<p><br></p>','0.00',NULL,0,NULL),(149,'Men seeking Men',3,'2016-02-22 22:50:40',146,1,'men-seeking-men','<p><br></p>','0.00',NULL,0,NULL),(115,'Parking Space',6,'2016-02-22 05:56:36',108,1,'parking-space','<p><br></p>','0.00',NULL,0,NULL),(116,'Rooms for Rent',7,'2016-02-22 05:56:36',108,1,'rooms-for-rent','<p><br></p>','0.00',NULL,0,NULL),(130,'Charity & Voluntary Work',8,'2016-02-22 22:43:57',121,1,'charity-voluntary-work','<p><br></p>','0.00',NULL,0,NULL),(108,'Housing & Real Estate',6,'2016-02-23 23:25:16',1,0,'housing-real-estate','<p><br></p>','0.00',NULL,0,'uk-icon-home'),(109,'Flats and Houses for Rent',0,'2016-02-22 05:55:35',108,1,'flats-and-houses-for-rent','<p><br></p>','0.00',NULL,0,NULL),(146,'Casual Dating',8,'2016-02-23 23:25:32',1,0,'casual-dating','<p><br></p>','0.00',NULL,0,'uk-icon-heart'),(147,'Women seeking Men',1,'2016-02-22 22:49:53',146,1,'women-seeking-men','<p><br></p>','0.00',NULL,0,NULL),(134,'Data Entry & Junior Admin',12,'2016-02-22 22:44:55',121,1,'data-entry-junior-admin','<p><br></p>','0.00',NULL,0,NULL),(135,'Driving & Automotive',13,'2016-02-22 22:44:55',121,1,'driving-automotive','<p><br></p>','0.00',NULL,0,NULL),(136,'Education',14,'2016-02-22 22:44:55',121,1,'education','<p><br></p>','0.00',NULL,0,NULL),(137,'Energy',15,'2016-02-22 22:44:55',121,1,'energy','<p><br></p>','0.00',NULL,0,NULL),(138,'Engineering',16,'2016-02-22 22:44:55',121,1,'engineering','<p><br></p>','0.00',NULL,0,NULL),(139,'Estate Agency',17,'2016-02-22 22:44:55',121,1,'estate-agency','<p><br></p>','0.00',NULL,0,NULL),(140,'Farm, Vet, Garden & Landscaping',18,'2016-02-22 22:44:55',121,1,'farm-vet-garden-landscaping','<p><br></p>','0.00',NULL,0,NULL),(141,'Financial Services & Insurance',19,'2016-02-22 22:44:55',121,1,'financial-services-insurance','<p><br></p>','0.00',NULL,0,NULL),(142,'FMCG',20,'2016-02-22 22:44:55',121,1,'fmcg','<p><br></p>','0.00',NULL,0,NULL),(143,'General Jobs',21,'2016-02-22 22:44:55',121,1,'general-jobs','<p><br></p>','0.00',NULL,0,NULL),(144,'Health & Fitness',22,'2016-02-22 22:44:55',121,1,'health-fitness','<p><br></p>','0.00',NULL,0,NULL),(133,'Construction & Property Development',11,'2016-02-22 22:44:55',121,1,'construction-property-development','<p><br></p>','0.00',NULL,0,NULL),(113,'Land',4,'2016-02-22 05:56:17',108,1,'land','<p><br></p>','0.00',NULL,0,NULL),(114,'Mobile Homes & Caravans',5,'2016-02-22 05:56:36',108,1,'mobile-homes-caravans','<p><br></p>','0.00',NULL,0,NULL),(145,'Healthcare, Medicine & Pharmaceutical',23,'2016-02-22 22:44:44',121,1,'healthcare-medicine-pharmaceutical','<p><br></p>','0.00',NULL,0,NULL),(131,'Christmas',9,'2016-02-22 22:44:32',121,1,'christmas','<p><br></p>','0.00',NULL,0,NULL),(132,'Computing & IT',10,'2016-02-22 22:44:44',121,1,'computing-it','<p><br></p>','0.00',NULL,0,NULL),(122,'Accountancy',0,'2016-02-22 22:41:50',121,1,'accountancy','<p><br></p>','0.00',NULL,0,NULL),(123,'Acting & Film Production',1,'2016-02-22 22:42:05',121,1,'acting-film-production','<p><br></p>','0.00',NULL,0,NULL),(124,'Admin, Secretarial & PA',2,'2016-02-22 22:42:20',121,1,'admin-secretarial-pa','<p><br></p>','0.00',NULL,0,NULL),(125,'Apprenticeships',3,'2016-02-22 22:42:42',121,1,'apprenticeships','<p><br></p>','0.00',NULL,0,NULL),(126,'Babysitting & Nannies',4,'2016-02-22 22:43:03',121,1,'babysitting-nannies','<p><br></p>','0.00',NULL,0,NULL),(127,'Banking & Investment',5,'2016-02-22 22:43:15',121,1,'banking-investment','<p><br></p>','0.00',NULL,0,NULL),(128,'Bar Staff & Management',6,'2016-02-22 22:43:43',121,1,'bar-staff-management','<p><br></p>','0.00',NULL,0,NULL),(129,'Beauty Salon & Spa',7,'2016-02-22 22:43:57',121,1,'beauty-salon-spa','<p><br></p>','0.00',NULL,0,NULL),(112,'Holiday Homes',3,'2016-02-22 05:56:08',108,1,'holiday-homes','<p><br></p>','0.00',NULL,0,NULL),(27,'Automative',1,'2016-02-23 09:48:03',1,0,'automative','<p><br></p>','0.00',NULL,0,'uk-icon-car'),(28,'Boats & Watercraft',1,'2016-02-22 05:50:33',27,1,'boats-watercraft','<p><br></p>','0.00',NULL,0,NULL),(29,'Campervans & Caravans',1,'2016-02-22 05:50:33',27,1,'campervans-caravans','<p><br></p>','0.00',NULL,0,NULL),(30,'Car Auction',1,'2016-02-22 05:50:33',27,1,'car-auction','<p><br></p>','0.00',NULL,0,NULL),(31,'Car Hire',1,'2016-02-22 05:50:33',27,1,'car-hire','<p><br></p>','0.00',NULL,0,NULL),(32,'Car Parts & Accessories',1,'2016-02-22 05:50:33',27,1,'car-parts-accessories','<p><br></p>','0.00',NULL,0,NULL),(33,'Car Shipping',1,'2016-02-22 05:50:33',27,1,'car-shipping','<p><br></p>','0.00',NULL,0,NULL),(34,'Cars, Suv & 4x4',1,'2016-02-22 05:50:33',27,1,'cars-suv-4x4','<p><br></p>','0.00',NULL,0,NULL),(35,'Classic & Vintage Cars',1,'2016-02-22 05:50:33',27,1,'classic-vintage-cars','<p><br></p>','0.00',NULL,0,NULL),(36,'Mobility Adapted Vehicles',1,'2016-02-22 05:50:33',27,1,'mobility-adapted-vehicles','<p><br></p>','0.00',NULL,0,NULL),(37,'Mobility Scooters',1,'2016-02-22 05:50:33',27,1,'mobility-scooters','<p><br></p>','0.00',NULL,0,NULL),(38,'Motorcycle Parts & Accessories',1,'2016-02-22 05:50:33',27,1,'motorcycle-parts-accessories','<p><br></p>','0.00',NULL,0,NULL),(39,'Motorcycles & Mopeds',1,'2016-02-22 05:50:33',27,1,'motorcycles-mopeds','<p><br></p>','0.00',NULL,0,NULL),(40,'Salvage & Scrap',1,'2016-02-22 05:50:33',27,1,'salvage-scrap','<p><br></p>','0.00',NULL,0,NULL),(41,'Servicing & MOT',1,'2016-02-22 05:50:33',27,1,'servicing-mot','<p><br></p>','0.00',NULL,0,NULL),(42,'Trucks & Trailers',1,'2016-02-22 05:50:33',27,1,'trucks-trailers','<p><br></p>','0.00',NULL,0,NULL),(43,'Vans',1,'2016-02-22 05:50:33',27,1,'vans','<p><br></p>','0.00',NULL,0,NULL),(44,'Wanted',1,'2016-02-22 05:50:33',27,1,'wanted','<p><br></p>','0.00',NULL,0,NULL),(45,'Community',2,'2016-02-23 23:20:48',1,0,'community','<p><br></p>','0.00','2016-02-24 07:05:43',0,'uk-icon-users'),(46,'Artists & Theatres',0,'2016-02-22 22:24:02',45,1,'artists-theatres','<p><br></p>','0.00',NULL,0,NULL),(110,'Flats and Houses for Sale',1,'2016-02-22 05:55:51',108,1,'flats-and-houses-for-sale','<p><br></p>','0.00',NULL,0,NULL),(47,'Classes',1,'2016-02-22 22:25:17',45,1,'classes','<p><br></p>','0.00',NULL,0,NULL),(48,'Clubs & Associations',2,'2016-02-22 22:25:17',45,1,'clubs-associations','<p><br></p>','0.00',NULL,0,NULL),(49,'Events, Gigs & Nightlife',3,'2016-02-22 22:25:17',45,1,'events-gigs-nightlife','<p><br></p>','0.00',NULL,0,NULL),(50,'Lost & Found Items',4,'2016-02-22 22:25:17',45,1,'lost-found-items','<p><br></p>','0.00',NULL,0,NULL),(51,'Music, Bands & Musicians',5,'2016-02-22 22:25:17',45,1,'music-bands-musicians','<p><br></p>','0.00',NULL,0,NULL),(52,'Rideshare & Car Pooling',6,'2016-02-22 22:25:17',45,1,'rideshare-car-pooling','<p><br></p>','0.00',NULL,0,NULL),(53,'Skills & Language Swap',7,'2016-02-22 22:25:17',45,1,'skills-language-swap','<p><br></p>','0.00',NULL,0,NULL),(54,'Sports Teams & Partners',8,'2016-02-22 22:25:17',45,1,'sports-teams-partners','<p><br></p>','0.00',NULL,0,NULL),(55,'Travel & Travel Partners',9,'2016-02-22 22:25:17',45,1,'travel-travel-partners','<p><br></p>','0.00',NULL,0,NULL),(56,'Volunteering',10,'2016-02-22 22:25:17',45,1,'volunteering','<p><br></p>','0.00',NULL,0,NULL),(57,'More items for sale',3,'2016-02-23 23:21:20',1,0,'more-items-for-sale','<p><br></p>','0.00',NULL,0,'uk-icon-tags'),(58,'Air Conditioners & Dehumidifiers',0,'2016-02-22 06:01:40',57,1,'air-conditioners-dehumidifiers','<p><br></p>','0.00',NULL,0,NULL),(121,'Jobs',7,'2016-02-23 23:24:58',1,0,'jobs','<p><br></p>','0.00',NULL,0,'uk-icon-mortar-board'),(59,'Appliances',1,'2016-02-22 04:57:03',57,1,'appliances','<p><br></p>','0.00',NULL,0,NULL),(60,'Art & Crafts',2,'2016-02-22 06:01:40',57,1,'art-crafts','<p><br></p>','0.00',NULL,0,NULL),(61,'Audio & Stereo',3,'2016-02-22 06:01:40',57,1,'audio-stereo','<p><br></p>','0.00',NULL,0,NULL),(62,'Automotive Items & Parts',4,'2016-02-22 06:01:40',57,1,'automotive-items-parts','<p><br></p>','0.00',NULL,0,NULL),(63,'Baby & Kids Items',5,'2016-02-22 06:01:40',57,1,'baby-kids-items','<p><br></p>','0.00',NULL,0,NULL),(64,'Beauty Items',6,'2016-02-22 06:01:40',57,1,'beauty-items','<p><br></p>','0.00',NULL,0,NULL),(65,'Bicycles',7,'2016-02-22 06:01:40',57,1,'bicycles','<p><br></p>','0.00',NULL,0,NULL),(66,'Books, Films, Music & Magazines',8,'2016-02-22 06:01:40',57,1,'books-films-music-magazines','<p><br></p>','0.00',NULL,0,NULL),(67,'Cameras, Camcorders & Studio Equipment',9,'2016-02-22 06:01:40',57,1,'cameras-camcorders-studio-equipment','<p><br></p>','0.00',NULL,0,NULL),(68,'Camping Equipment',10,'2016-02-22 06:01:40',57,1,'camping-equipment','<p><br></p>','0.00',NULL,0,NULL),(69,'CDs, Records & Tapes',11,'2016-02-22 06:01:40',57,1,'cds-records-tapes','<p><br></p>','0.00',NULL,0,NULL),(70,'Christmas Decorations',12,'2016-02-22 06:01:40',57,1,'christmas-decorations','<p><br></p>','0.00',NULL,0,NULL),(71,'Clothing,Footwear&Accessories',13,'2016-02-22 06:01:40',57,1,'clothing-footwear-accessories','<p><br></p>','0.00',NULL,0,NULL),(72,'Computers,Tablet PC,Laptop &Accessories',14,'2016-02-22 06:01:40',57,1,'computers-tablet-pc-laptop-accessories','<p><br></p>','0.00',NULL,0,NULL),(73,'DIY Tools & Materials',15,'2016-02-22 06:01:40',57,1,'diy-tools-materials','<p><br></p>','0.00',NULL,0,NULL),(74,'Health & Fitness Items',16,'2016-02-22 06:01:40',57,1,'health-fitness-items','<p><br></p>','0.00',NULL,0,NULL),(79,'Office Furniture & Equipment',20,'2016-02-22 06:02:36',57,1,'office-furniture-equipment','<p><br></p>','0.00',NULL,0,NULL),(76,'Home & Garden',17,'2016-02-22 06:01:40',57,1,'home-garden','<p><br></p>','0.00',NULL,0,NULL),(77,'House Clearance',18,'2016-02-22 06:01:55',57,1,'house-clearance','<p><br></p>','0.00',NULL,0,NULL),(78,'Musical instruments & DJ Equipment',19,'2016-02-22 06:02:36',57,1,'musical-instruments-dj-equipment','<p><br></p>','0.00',NULL,0,NULL),(80,'Other Goods',21,'2016-02-22 06:01:40',57,1,'other-goods','<p><br></p>','0.00',NULL,0,NULL),(81,'Phones, Mobile Phones, & Telecoms',22,'2016-02-22 06:01:40',57,1,'phones-mobile-phones-telecoms','<p><br></p>','0.00',NULL,0,NULL),(82,'Sports, Leisure & Travel',23,'2016-02-22 06:01:40',57,1,'sports-leisure-travel','<p><br></p>','0.00',NULL,0,NULL),(83,'Tickets',24,'2016-02-22 06:01:40',57,1,'tickets','<p><br></p>','0.00',NULL,0,NULL),(84,'TV, DVD, Blu-Ray & Videos',25,'2016-02-22 06:01:40',57,1,'tv-dvd-blu-ray-videos','<p><br></p>','0.00',NULL,0,NULL),(150,'Women seeking Women',4,'2016-02-22 22:50:58',146,1,'women-seeking-women','<p><br></p>','0.00',NULL,0,NULL),(86,'Video Games & Consoles',26,'2016-02-22 06:01:40',57,1,'video-games-consoles','<p><br></p>','0.00',NULL,0,NULL),(87,'Wanted Item',27,'2016-02-22 06:01:40',57,1,'wanted-item','<p><br></p>','0.00',NULL,0,NULL),(88,'Local Places',4,'2016-02-23 23:23:52',1,0,'local-places','<p><br></p>','0.00',NULL,0,'uk-icon-building'),(89,'Bars, Pubs & Clubs',1,'2016-02-22 05:34:47',88,1,'bars-pubs-clubs','<p><br></p>','0.00',NULL,0,NULL),(90,'Car Boot Sale',2,'2016-02-22 06:02:15',88,1,'car-boot-sale','<p><br></p>','0.00',NULL,0,NULL),(91,'Eatery & Coffee Shop',3,'2016-02-22 06:02:15',88,1,'eatery-coffee-shop','<p><br></p>','0.00',NULL,0,NULL),(92,'Events',4,'2016-02-22 06:02:15',88,1,'events-2','<p><br></p>','0.00',NULL,0,NULL),(93,'Farms',5,'2016-02-22 06:02:15',88,1,'farms','<p><br></p>','0.00',NULL,0,NULL),(94,'Fruit Machines & Jukeboxes',6,'2016-02-22 06:02:15',88,1,'fruit-machines-jukeboxes','<p><br></p>','0.00',NULL,0,NULL),(95,'Health & Fitness Centers',7,'2016-02-22 06:02:15',88,1,'health-fitness-centers','<p><br></p>','0.00',NULL,0,NULL),(96,'Hotel & Hostels',8,'2016-02-22 06:02:15',88,1,'hotel-hostels','<p><br></p>','0.00',NULL,0,NULL),(97,'Laundry & Dry Cleaning',9,'2016-02-22 06:02:15',88,1,'laundry-dry-cleaning','<p><br></p>','0.00',NULL,0,NULL),(98,'Salons & Spas',10,'2016-02-22 06:02:15',88,1,'salons-spas','<p><br></p>','0.00',NULL,0,NULL),(99,'Music',5,'2016-02-23 23:24:13',1,0,'music','<p><br></p>','0.00','2016-02-24 07:03:39',0,'uk-icon-music'),(100,'Audio & Video Music Producers',1,'2016-02-22 05:42:54',99,1,'audio-video-music-producers','<p><br></p>','0.00',NULL,0,NULL),(101,'Auditions',1,'2016-02-22 05:43:16',99,1,'auditions','<p><br></p>','0.00',NULL,0,NULL),(102,'Musical Instruments & Equipment',1,'2016-02-22 05:43:35',99,1,'musical-instruments-equipment','<p><br></p>','0.00',NULL,0,NULL),(103,'Musicians, Singers & Song Writers',1,'2016-02-22 05:43:52',99,1,'musicians-singers-song-writers','<p><br></p>','0.00',NULL,0,NULL),(104,'Other Musical Services',1,'2016-02-22 05:44:03',99,1,'other-musical-services','<p><br></p>','0.00',NULL,0,NULL),(105,'Shows & Events',1,'2016-02-22 05:44:17',99,1,'shows-events','<p><br></p>','0.00',NULL,0,NULL),(106,'Tuition & Classes',1,'2016-02-22 05:44:30',99,1,'tuition-classes','<p><br></p>','0.00',NULL,0,NULL),(107,'Wanted',1,'2016-02-22 05:44:44',99,1,'wanted-2','<p><br></p>','0.00',NULL,0,NULL),(120,'Shared Accommodation',8,'2016-02-22 05:57:31',108,1,'shared-accommodation','<p><br></p>','0.00',NULL,0,NULL),(118,'Student Accommodation',9,'2016-02-22 05:57:31',108,1,'student-accommodation','<p><br></p>','0.00',NULL,0,NULL),(119,'Wanted',10,'2016-02-22 05:57:31',108,1,'wanted-3','<p><br></p>','0.00',NULL,0,NULL),(151,'Business',9,'2016-02-23 23:20:13',1,0,'business','<p><br></p>','0.00',NULL,0,'uk-icon-suitcase'),(152,'Business for Sale',1,'2016-02-22 22:52:10',151,1,'business-for-sale','<p><br></p>','0.00',NULL,0,NULL),(153,'Business Opportunities & Franchises',1,'2016-02-22 22:52:28',151,1,'business-opportunities-franchises','<p><br></p>','0.00',NULL,0,NULL),(154,'Business Services',1,'2016-02-22 22:52:46',151,1,'business-services','<p><br></p>','0.00',NULL,0,NULL),(155,'Businesses Wanted',1,'2016-02-22 22:53:01',151,1,'businesses-wanted','<p><br></p>','0.00',NULL,0,NULL),(156,'Services',10,'2016-02-23 23:25:51',1,0,'services','<p><br></p>','0.00',NULL,0,'uk-icon-cogs'),(157,'Automobile Repair & Servicing',1,'2016-02-22 22:55:17',156,1,'automobile-repair-servicing','<p><br></p>','0.00',NULL,0,NULL),(158,'Business & Office',1,'2016-02-22 22:55:32',156,1,'business-office','<p><br></p>','0.00',NULL,0,NULL),(159,'Childcare',1,'2016-02-22 22:55:47',156,1,'childcare','<p><br></p>','0.00',NULL,0,NULL),(160,'Cleaning',1,'2016-02-22 22:55:59',156,1,'cleaning','<p><br></p>','0.00',NULL,0,NULL),(161,'Computers & Telecoms',1,'2016-02-22 22:59:00',156,1,'computers-telecoms','<p><br></p>','0.00',NULL,0,NULL),(162,'Domestic & Housekeeping',1,'2016-02-22 22:59:44',156,1,'domestic-housekeeping','<p><br></p>','0.00',NULL,0,NULL),(163,'Dry Cleaning',1,'2016-02-22 23:00:35',156,1,'dry-cleaning','<p><br></p>','0.00',NULL,0,NULL),(164,'Electrician',1,'2016-02-22 23:00:52',156,1,'electrician','<p><br></p>','0.00',NULL,0,NULL),(165,'Entertainment',1,'2016-02-22 23:03:02',156,1,'entertainment','<p><br></p>','0.00',NULL,0,NULL),(166,'Equestrian',1,'2016-02-22 23:03:14',156,1,'equestrian','<p><br></p>','0.00',NULL,0,NULL),(167,'Financial',1,'2016-02-22 23:06:31',156,1,'financial','<p><br></p>','0.00',NULL,0,NULL),(168,'Food & Drink',1,'2016-02-22 23:23:28',156,1,'food-drink','<p><br></p>','0.00',NULL,0,NULL),(169,'Goods Suppliers & Retailers',1,'2016-02-22 23:23:40',156,1,'goods-suppliers-retailers','<p><br></p>','0.00',NULL,0,NULL),(170,'Handyman',1,'2016-02-22 23:23:53',156,1,'handyman','<p><br></p>','0.00',NULL,0,NULL),(171,'Health & Fitness',1,'2016-02-22 23:24:04',156,1,'health-fitness-2','<p><br></p>','0.00',NULL,0,NULL),(172,'Labour & Removal',1,'2016-02-22 23:24:15',156,1,'labour-removal','<p><br></p>','0.00',NULL,0,NULL),(173,'Legal',1,'2016-02-22 23:24:26',156,1,'legal','<p><br></p>','0.00',NULL,0,NULL),(174,'Motorcycle Repair',1,'2016-02-22 23:24:36',156,1,'motorcycle-repair','<p><br></p>','0.00',NULL,0,NULL),(175,'Pets & Animals',1,'2016-02-22 23:24:48',156,1,'pets-animals','<p><br></p>','0.00',NULL,0,NULL),(176,'Photography',1,'2016-02-22 23:25:03',156,1,'photography','<p><br></p>','0.00',NULL,0,NULL),(177,'Plumbing',1,'2016-02-22 23:25:16',156,1,'plumbing','<p><br></p>','0.00',NULL,0,NULL),(178,'Pets & Livestock',11,'2016-02-23 23:26:13',1,0,'pets-livestock','<p><br></p>','0.00',NULL,0,'uk-icon-paw'),(179,'Animal Care',1,'2016-02-22 23:27:16',178,1,'animal-care','<p><br></p>','0.00',NULL,0,NULL),(180,'Equipment & Accessories',1,'2016-02-22 23:27:29',178,1,'equipment-accessories','<p><br></p>','0.00',NULL,0,NULL),(181,'Livestock for Sale',1,'2016-02-22 23:28:34',178,1,'livestock-for-sale','<p><br></p>','0.00',NULL,0,NULL),(182,'Missing, Lost & Found',1,'2016-02-22 23:28:58',178,1,'missing-lost-found','<p><br></p>','0.00',NULL,0,NULL),(183,'Pets for Sale',1,'2016-02-22 23:29:40',178,1,'pets-for-sale','<p><br></p>','0.00',NULL,0,NULL),(184,'Wanted',1,'2016-02-22 23:30:09',178,1,'wanted-4','<p><br></p>','0.00',NULL,0,NULL),(185,'Adult',12,'2016-02-23 23:23:31',1,0,'adult','<p><br></p>','0.00',NULL,0,'uk-icon-user'),(186,'Adult Jobs',1,'2016-02-22 23:31:06',185,1,'adult-jobs','<p><br></p>','0.00',NULL,0,NULL),(187,'Adult massage',1,'2016-02-22 23:31:17',185,1,'adult-massage','<p><br></p>','0.00',NULL,0,NULL),(188,'Clubs',1,'2016-02-22 23:31:28',185,1,'clubs','<p><br></p>','0.00',NULL,0,NULL),(189,'Dom & Fetish',1,'2016-02-22 23:31:40',185,1,'dom-fetish','<p><br></p>','0.00',NULL,0,NULL),(190,'Escorts',1,'2016-02-22 23:31:55',185,1,'escorts','<p><br></p>','0.00',NULL,0,NULL),(191,'Male Escorts',1,'2016-02-22 23:32:06',185,1,'male-escorts','<p><br></p>','0.00',NULL,0,NULL),(192,'Phone & Websites',1,'2016-02-22 23:32:50',185,1,'phone-websites','<p><br></p>','0.00',NULL,0,NULL),(193,'TS',1,'2016-02-22 23:33:20',185,1,'category-category','<p><br></p>','0.00',NULL,0,NULL),(194,'Fashion & Accessories',13,'2016-02-23 23:23:02',1,0,'fashion-accessories','<p><br></p>','0.00',NULL,0,'uk-icon-paint-brush'),(195,'For Men',1,'2016-02-22 23:34:43',194,1,'for-men','<p><br></p>','0.00',NULL,0,NULL),(196,'For Women',1,'2016-02-22 23:34:54',194,1,'for-women','<p><br></p>','0.00',NULL,0,NULL),(197,'Freebies',14,'2016-02-23 23:22:36',1,0,'freebies','<p><br></p>','0.00',NULL,0,'uk-icon-ticket'),(198,'All Free Items',1,'2016-02-22 23:38:55',197,1,'all-free-items','<p><br></p>','0.00',NULL,0,NULL),(199,'Electronics',16,'2016-02-23 23:22:17',1,0,'electronics','<p><br></p>','0.00',NULL,0,'uk-icon-tv'),(200,'Air Conditioners & Dehumidifiers',1,'2016-02-22 23:39:55',199,1,'air-conditioners-dehumidifiers-2','<p><br></p>','0.00',NULL,0,NULL),(201,'Audio & Hi-Fi Speakers',1,'2016-02-22 23:40:06',199,1,'audio-hi-fi-speakers','<p><br></p>','0.00',NULL,0,NULL),(202,'Audio & Video CD Player',1,'2016-02-22 23:40:17',199,1,'audio-video-cd-player','<p><br></p>','0.00',NULL,0,NULL),(203,'Cameras & Photography',1,'2016-02-22 23:40:29',199,1,'cameras-photography','<p><br></p>','0.00',NULL,0,NULL),(204,'Computing',1,'2016-02-22 23:40:43',199,1,'computing','<p><br></p>','0.00',NULL,0,NULL),(205,'Consoles & Computer Games',1,'2016-02-22 23:40:59',199,1,'consoles-computer-games','<p><br></p>','0.00',NULL,0,NULL),(206,'Cookers, Hobs and Microwaves',1,'2016-02-22 23:41:21',199,1,'cookers-hobs-and-microwaves','<p><br></p>','0.00',NULL,0,NULL),(207,'Dishwashers',1,'2016-02-22 23:41:36',199,1,'dishwashers','<p><br></p>','0.00',NULL,0,NULL),(208,'DVD & Blu-Ray',1,'2016-02-22 23:41:50',199,1,'dvd-blu-ray','<p><br></p>','0.00',NULL,0,NULL),(209,'DVD & Video Films',1,'2016-02-22 23:42:08',199,1,'dvd-video-films','<p><br></p>','0.00',NULL,0,NULL),(210,'Fridges & Freezers',1,'2016-02-22 23:42:18',199,1,'fridges-freezers','<p><br></p>','0.00',NULL,0,NULL),(211,'Mobile Phones',1,'2016-02-22 23:42:36',199,1,'mobile-phones','<p><br></p>','0.00',NULL,0,NULL),(212,'MP3 Players & Personal Stereos',1,'2016-02-22 23:42:54',199,1,'mp3-players-personal-stereos','<p><br></p>','0.00',NULL,0,NULL),(213,'Satellite, Cable and Freeview',1,'2016-02-22 23:43:07',199,1,'satellite-cable-and-freeview','<p><br></p>','0.00',NULL,0,NULL),(214,'Small Electricals',1,'2016-02-22 23:43:19',199,1,'small-electricals','<p><br></p>','0.00',NULL,0,NULL),(215,'Telephones & Accessories',1,'2016-02-22 23:43:30',199,1,'telephones-accessories','<p><br></p>','0.00',NULL,0,NULL),(216,'Televisions',1,'2016-02-22 23:43:40',199,1,'televisions','<p><br></p>','0.00',NULL,0,NULL),(217,'Vacuum Cleaners',1,'2016-02-22 23:43:52',199,1,'vacuum-cleaners','<p><br></p>','0.00',NULL,0,NULL),(218,'Video Cameras & Accessories',1,'2016-02-22 23:44:03',199,1,'video-cameras-accessories','<p><br></p>','0.00',NULL,0,NULL),(219,'Video Recorders',1,'2016-02-22 23:44:17',199,1,'video-recorders','<p><br></p>','0.00',NULL,0,NULL),(220,'Wanted Electronics',1,'2016-02-22 23:44:27',199,1,'wanted-electronics','<p><br></p>','0.00',NULL,0,NULL),(221,'Washing Machines & Dryers',1,'2016-02-22 23:44:39',199,1,'washing-machines-dryers','<p><br></p>','0.00',NULL,0,NULL),(222,'Social',16,'2016-02-23 23:21:46',1,0,'social','<p><br></p>','0.00',NULL,0,'uk-icon-comments'),(223,'Missed & Lost Connections',1,'2016-02-22 23:46:15',222,1,'missed-lost-connections','<p><br></p>','0.00',NULL,0,NULL),(224,'Seeking New Connections',1,'2016-02-22 23:46:28',222,1,'seeking-new-connections','<p><br></p>','0.00',NULL,0,NULL);

/*Table structure for table `oc2_config` */

DROP TABLE IF EXISTS `oc2_config`;

CREATE TABLE `oc2_config` (
  `group_name` varchar(128) NOT NULL,
  `config_key` varchar(128) NOT NULL,
  `config_value` longtext,
  PRIMARY KEY (`config_key`),
  UNIQUE KEY `oc2_config_UK_group_name_AND_config_key` (`group_name`,`config_key`)
) ENGINE=MyISAM DEFAULT CHARSET=utf8;

/*Data for the table `oc2_config` */

insert  into `oc2_config`(`group_name`,`config_key`,`config_value`) values ('appearance','theme','default'),('appearance','theme_mobile',''),('appearance','allow_query_theme','0'),('appearance','custom_css','0'),('appearance','custom_css_version','0'),('appearance','map_active','0'),('appearance','map_jscode',''),('appearance','map_settings',''),('i18n','charset','utf-8'),('i18n','timezone','Europe/Berlin'),('i18n','locale','en_US'),('i18n','allow_query_language','1'),('payment','paypal_currency','USD'),('payment','sandbox','1'),('payment','to_featured','1'),('payment','to_top',NULL),('payment','pay_to_go_on_feature','1'),('payment','featured_plans','{\"7\":\"6.99\",\"30\":\"24.99\"}'),('payment','pay_to_go_on_top','5'),('payment','paypal_account','kumaresh_merchant@esconite.com'),('payment','paypal_seller','0'),('payment','stock','0'),('payment','paymill_private',''),('payment','paymill_public',''),('payment','stripe_private',''),('payment','stripe_public',''),('payment','stripe_address',NULL),('payment','stripe_alipay',NULL),('payment','alternative',''),('payment','bitpay_apikey',''),('payment','authorize_sandbox',NULL),('payment','authorize_login',''),('payment','authorize_key',''),('payment','twocheckout_sid',''),('payment','twocheckout_secretword',''),('payment','twocheckout_sandbox',NULL),('payment','fraudlabspro',''),('payment','paysbuy',''),('payment','paysbuy_sandbox',NULL),('general','api_key','v+qs+9euzn9@+6na2q%+%tz$ru@cq4q+'),('general','number_format','%n'),('general','date_format','d M Y'),('general','measurement','metric'),('general','base_url','http://localhost:8004/'),('general','moderation','0'),('general','maintenance','0'),('general','analytics',''),('general','translate',''),('general','site_name','Plannetads'),('general','site_description',''),('general','subscribe','0'),('general','akismet_key',''),('general','alert_terms',''),('general','contact_page',''),('general','search_by_description','0'),('general','blog','0'),('general','blog_disqus',''),('general','minify','0'),('general','faq','0'),('general','faq_disqus',''),('general','forums','0'),('general','messaging','1'),('general','black_list','1'),('general','ocacu','1459147028'),('general','landing_page','{\"controller\":\"home\",\"action\":\"index\"}'),('general','disallowbots','0'),('general','html_head',''),('general','html_footer',''),('general','recaptcha_active','0'),('general','recaptcha_secretkey',''),('general','recaptcha_sitekey',''),('general','cookie_consent','0'),('general','auto_locate','1'),('general','social_auth','0'),('general','adblock','0'),('general','search_multi_catloc','0'),('general','gcm_apikey',''),('general','email_domains',''),('general','cron','1'),('image','allowed_formats','jpeg,jpg,png,'),('image','max_image_size','5'),('image','height','500'),('image','width','665'),('image','height_thumb','300'),('image','width_thumb','400'),('image','quality','90'),('image','watermark','0'),('image','watermark_path',''),('image','watermark_position','0'),('image','aws_s3_active','0'),('image','aws_access_key',''),('image','aws_secret_key',''),('image','aws_s3_bucket',''),('image','aws_s3_domain','/'),('image','disallow_nudes','0'),('advertisement','num_images','4'),('advertisement','expire_date','90'),('advertisement','description','1'),('advertisement','address','1'),('advertisement','phone','1'),('advertisement','upload_file','0'),('advertisement','location','1'),('advertisement','description_bbcode','1'),('advertisement','captcha','0'),('advertisement','website','1'),('advertisement','price','1'),('advertisement','contact','1'),('advertisement','tos',''),('advertisement','thanks_page','thanks'),('advertisement','disqus',''),('advertisement','fbcomments',''),('advertisement','map','1'),('advertisement','map_style','[{\"featureType\":\"water\",\"stylers\":[{\"saturation\":43},{\"lightness\":-11},{\"hue\":\"#0088ff\"}]},{\"featureType\":\"road\",\"elementType\":\"geometry.fill\",\"stylers\":[{\"hue\":\"#ff0000\"},{\"saturation\":-100},{\"lightness\":99}]},{\"featureType\":\"road\",\"elementType\":\"geometry.stroke\",\"stylers\":[{\"color\":\"#808080\"},{\"lightness\":54}]},{\"featureType\":\"landscape.man_made\",\"elementType\":\"geometry.fill\",\"stylers\":[{\"color\":\"#ece2d9\"}]},{\"featureType\":\"poi.park\",\"elementType\":\"geometry.fill\",\"stylers\":[{\"color\":\"#ccdca1\"}]},{\"featureType\":\"road\",\"elementType\":\"labels.text.fill\",\"stylers\":[{\"color\":\"#767676\"}]},{\"featureType\":\"road\",\"elementType\":\"labels.text.stroke\",\"stylers\":[{\"color\":\"#ffffff\"}]},{\"featureType\":\"poi\",\"stylers\":[{\"visibility\":\"off\"}]},{\"featureType\":\"landscape.natural\",\"elementType\":\"geometry.fill\",\"stylers\":[{\"visibility\":\"on\"},{\"color\":\"#b8cb93\"}]},{\"featureType\":\"poi.park\",\"stylers\":[{\"visibility\":\"on\"}]},{\"featureType\":\"poi.sports_complex\",\"stylers\":[{\"visibility\":\"on\"}]},{\"featureType\":\"poi.medical\",\"stylers\":[{\"visibility\":\"on\"}]},{\"featureType\":\"poi.business\",\"stylers\":[{\"visibility\":\"simplified\"}]}]'),('advertisement','map_zoom','14'),('advertisement','center_lon',''),('advertisement','center_lat',''),('advertisement','auto_locate_distance','100'),('advertisement','ads_in_home','0'),('advertisement','banned_words_replacement','xxx'),('advertisement','banned_words',''),('advertisement','fields','{\"map-link\":{\"type\":\"string\",\"label\":\"Map link\",\"tooltip\":\"Map link\",\"values\":null,\"categories\":[\"5\",\"18\",\"19\",\"20\"],\"required\":true,\"searchable\":false,\"admin_privilege\":false,\"show_listing\":false}}'),('advertisement','parent_category','1'),('advertisement','related','5'),('advertisement','map_pub_new','1'),('advertisement','qr_code','0'),('advertisement','login_to_post','0'),('advertisement','reviews','0'),('advertisement','reviews_paid','0'),('advertisement','advertisements_per_page','10'),('advertisement','feed_elements','20'),('advertisement','map_elements','100'),('advertisement','sort_by','published-desc'),('advertisement','count_visits','1'),('advertisement','login_to_contact','0'),('advertisement','only_admin_post','0'),('advertisement','sharing','1'),('advertisement','logbee','0'),('advertisement','leave_alert','1'),('advertisement','validate_banned_words','0'),('email','notify_email','jmkumaresh@gmail.com'),('email','smtp_active','0'),('email','new_ad_notify','0'),('email','smtp_host',''),('email','smtp_port',''),('email','smtp_auth','0'),('email','smtp_ssl','0'),('email','smtp_user',''),('email','smtp_pass',''),('email','elastic_active','0'),('email','elastic_username',''),('email','elastic_password',''),('user','user_fields','{}'),('social','config','{\"debug_mode\":\"0\",\"providers\":{\"OpenID\":{\"enabled\":\"0\"},\"Yahoo\":{\"enabled\":\"0\",\"keys\":{\"id\":\"\",\"secret\":\"\"}},\n\"AOL\":{\"enabled\":\"0\"},\"Google\":{\"enabled\":\"0\",\"keys\":{\"id\":\"\",\"secret\":\"\"}},\"Facebook\":{\"enabled\":\"0\",\"keys\":{\"id\":\"\",\"secret\":\"\"}},\n\"Twitter\":{\"enabled\":\"0\",\"keys\":{\"key\":\"\",\"secret\":\"\"}},\"Live\":{\"enabled\":\"0\",\"keys\":{\"id\":\"\",\"secret\":\"\"}},\"MySpace\":{\"enabled\":\"0\",\"keys\":{\"key\":\"\",\"secret\":\"\"}},\n\"LinkedIn\":{\"enabled\":\"0\",\"keys\":{\"key\":\"\",\"secret\":\"\"}},\"Foursquare\":{\"enabled\":\"0\",\"keys\":{\"id\":\"\",\"secret\":\"\"}}},\"base_url\":\"\",\"debug_file\":\"\"}'),('theme','default','{\"theme\":\"default\",\"admin_theme\":\"bootstrap\",\"category_badge\":\"0\",\"hide_description_icon\":\"0\",\"premium\":1,\"num_home_latest_ads\":\"12\"}'),('widget','Widget_Locations_1455335669','{\"class\":\"Widget_Locations\",\"created\":1455335669,\"placeholder\":\"sidebar\",\"data\":{\"locations_title\":\"Locations\",\"locations\":\"popular\"}}'),('placeholder','sidebar','[\"Widget_Locations_1455335669\",\"Widget_Search_1455358638\",\"Widget_UserSearch_1455358659\",\"Widget_Languages_1459394781\"]'),('widget','Widget_Search_1455358638','{\"class\":\"Widget_Search\",\"created\":1455358638,\"placeholder\":\"sidebar\",\"data\":{\"text_title\":\"Search\",\"advanced\":\"1\",\"custom\":\"1\"}}'),('widget','Widget_UserSearch_1455358659','{\"class\":\"Widget_UserSearch\",\"created\":1455358659,\"placeholder\":\"sidebar\",\"data\":{\"text_title\":\"Search\",\"custom\":\"1\"}}'),('placeholder','footer','[]'),('payment','to_premium','1'),('payment','premium_plans','{\"7\":\"5.99\",\"30\":\"19.99\"}'),('payment','to_sponsored','1'),('payment','sponsored_plans','{\"7\":\"4.99\",\"30\":\"14.99\"}'),('payment','to_highlighted','1'),('payment','highlighted_plans','{\"7\":\"4.99\",\"30\":\"14.99\"}'),('payment','to_bumpup','1'),('payment','bumpup_plans','{\"1\":\"5.00\"}'),('payment','to_linkweb','1'),('payment','linkweb_plans','{\"7\":\"5.99\",\"30\":\"19.99\"}'),('advertisement','num_videos','1'),('widget','Widget_Languages_1459394781','{\"class\":\"Widget_Languages\",\"created\":1459394781,\"placeholder\":\"sidebar\",\"data\":{\"languages_title\":\"Languages\",\"languages\":\"English,French\"}}');

/*Table structure for table `oc2_contacts` */

DROP TABLE IF EXISTS `oc2_contacts`;

CREATE TABLE `oc2_contacts` (
  `id_contact` int(10) NOT NULL AUTO_INCREMENT,
  `contact_type` enum('direct','ad') DEFAULT 'direct',
  `conatct_user_id` int(10) DEFAULT NULL,
  `contact_name` varchar(100) DEFAULT NULL,
  `contact_email` varchar(150) DEFAULT NULL,
  `contact_subject` varchar(255) DEFAULT NULL,
  `contact_message` text,
  `contact_attachment` varchar(255) DEFAULT NULL,
  `created_at` timestamp NOT NULL DEFAULT CURRENT_TIMESTAMP ON UPDATE CURRENT_TIMESTAMP,
  `status` tinyint(1) NOT NULL DEFAULT '1',
  PRIMARY KEY (`id_contact`)
) ENGINE=InnoDB AUTO_INCREMENT=9 DEFAULT CHARSET=latin1;

/*Data for the table `oc2_contacts` */

insert  into `oc2_contacts`(`id_contact`,`contact_type`,`conatct_user_id`,`contact_name`,`contact_email`,`contact_subject`,`contact_message`,`contact_attachment`,`created_at`,`status`) values (1,'direct',1,'Ernest','admin@admin.com','From Contact Us Page','From Cont Page :-)','568ce2e0cb8c0feb8f62ead668134a37.png','2016-03-04 11:47:11',1),(2,'direct',NULL,'malar','malarboopathi1993@gmail.com','Ad','hai','6c99b63abc42dd86a0d9aa55d7d51440.png','2016-03-11 00:05:07',1),(3,'direct',1,'Ernest','admin@admin.com','Ad','wfrdf',NULL,'2016-03-11 00:07:55',1),(4,'direct',1,'Ernest','admin@admin.com','Ad','io','1a496ab18bcda2c393f559d6b9a8dab1.png','2016-03-11 00:17:05',1),(5,'direct',NULL,'malar','malarboopathi1993@gmail.com','Ad','ikjui','0c1ff4dcb07bfd4ae94f6dfaecb78401.png','2016-03-11 00:19:05',1),(6,'direct',1,'Ernest','admin@admin.com','From Contact Us Page','asasas','7a619a8a5580ac10dff769db9c630004.png','2016-03-11 00:19:26',1),(7,'direct',1,'Ernest','admin@admin.com','From Contact Us Page','asasa','a23187a3f3f399177a8a5dc1abd80d05.pdf','2016-03-11 00:20:47',1),(8,'direct',1,'Ernest','admin@admin.com','error','pdf','8f1c3ce63c44051ab32b42bb54a5acdc.pdf','2016-03-11 00:35:31',1);

/*Table structure for table `oc2_content` */

DROP TABLE IF EXISTS `oc2_content`;

CREATE TABLE `oc2_content` (
  `id_content` int(10) unsigned NOT NULL AUTO_INCREMENT,
  `locale` varchar(8) NOT NULL DEFAULT 'en_UK',
  `order` int(2) unsigned NOT NULL DEFAULT '0',
  `title` varchar(145) NOT NULL,
  `seotitle` varchar(145) NOT NULL,
  `description` longtext,
  `from_email` varchar(145) DEFAULT NULL,
  `created` timestamp NOT NULL DEFAULT CURRENT_TIMESTAMP ON UPDATE CURRENT_TIMESTAMP,
  `type` enum('page','email','help') NOT NULL,
  `status` tinyint(1) NOT NULL DEFAULT '0',
  PRIMARY KEY (`id_content`)
) ENGINE=MyISAM AUTO_INCREMENT=207 DEFAULT CHARSET=utf8;

/*Data for the table `oc2_content` */

insert  into `oc2_content`(`id_content`,`locale`,`order`,`title`,`seotitle`,`description`,`from_email`,`created`,`type`,`status`) values (1,'en_UK',0,'Change Password [SITE.NAME]','auth-remember','Hello [USER.NAME],\n\nFollow this link  [URL.QL]\n\nThanks!!','arivu.sacs@gmail.com','2016-02-11 22:41:17','email',1),(2,'en_UK',0,'Welcome to [SITE.NAME]!','auth-register','Welcome [USER.NAME],\n\nWe are really happy that you have joined us! [URL.QL]\n\nRemember your user details:\nEmail: [USER.EMAIL]\nPassword: [USER.PWD]\n\nWe do not have your original password anymore.\n\nRegards!','arivu.sacs@gmail.com','2016-02-11 22:41:17','email',1),(3,'en_UK',0,'Hello [USER.NAME]!','user-contact','You have been contacted regarding your advertisement: \n\n`[AD.NAME]`. \n\n User [EMAIL.SENDER] [EMAIL.FROM], have a message for you: \n\n[EMAIL.BODY]. \n\nYou can check your advertisement by following this link [URL.AD]\n\n Regards!','arivu.sacs@gmail.com','2016-02-11 22:41:17','email',1),(4,'en_UK',0,'Hello [USER.NAME]!','user-profile-contact','User [EMAIL.SENDER] [EMAIL.FROM], have a message for you: \n\n[EMAIL.SUBJECT] \n\n[EMAIL.BODY]. \n\n Regards!','arivu.sacs@gmail.com','2016-02-11 22:41:17','email',1),(5,'en_UK',0,'[EMAIL.SENDER] wants to contact you!','contact-admin','Hello Admin,\n\n [EMAIL.SENDER]: [EMAIL.FROM], have a message for you:\n\n [EMAIL.BODY] \n\n Regards!','arivu.sacs@gmail.com','2016-02-11 22:41:17','email',1),(6,'en_UK',0,'Your advertisement `[AD.NAME]` at [SITE.NAME], has been activated!','ads-activated','Hello [USER.OWNER],\n\n We want to inform you that your advertisement [URL.QL] has been activated!\n\n Now it can be seen by others. \n\n We hope we did not make you wait for long. \n\nRegards!','arivu.sacs@gmail.com','2016-02-11 22:41:17','email',1),(7,'en_UK',0,'Success! Your advertisement `[AD.NAME]` is created on [SITE.NAME]!','ads-notify','Hello [USER.NAME],\n\nThank you for creating an advertisement at [SITE.NAME]! \n\nYou can edit your advertisement here [URL.QL].\n\n Your ad is still not published, it needs to be validated by an administrator. \n\n We are sorry for any inconvenience. We will review it as soon as possible. \n\nRegards!','arivu.sacs@gmail.com','2016-02-11 22:41:17','email',1),(8,'en_UK',0,'Advertisement `[AD.NAME]` is created on [SITE.NAME]!','ads-user-check','Hello [USER.NAME],\n\n Advertisement is created under your account [USER.NAME]! You can visit this link to see advertisement [URL.AD]\n\n If you are not responsible for creating this advertisement, click a link to contact us [URL.CONTACT].\n\n','arivu.sacs@gmail.com','2016-02-11 22:41:17','email',1),(9,'en_UK',0,'Advertisement `[AD.TITLE]` is created on [SITE.NAME]!','ads-subscribers','Hello,\n\n You may be interested in this one!\n\nYou can visit this link to see advertisement [URL.AD]\n\n','arivu.sacs@gmail.com','2016-02-11 22:41:17','email',1),(10,'en_UK',0,'Advertisement `[AD.TITLE]` is created on [SITE.NAME]!','ads-to-admin','Click here to visit [URL.AD]','arivu.sacs@gmail.com','2016-02-11 22:41:17','email',1),(11,'en_UK',0,'Advertisement `[AD.TITLE]` is sold on [SITE.NAME]!','ads-sold','Order ID: [ORDER.ID]\n\nProduct ID: [PRODUCT.ID]\n\nPlease check your account for the incoming payment.\n\nClick here to visit [URL.AD]','arivu.sacs@gmail.com','2016-02-11 22:41:17','email',1),(12,'en_UK',0,'Advertisement `[AD.TITLE]` is out of stock on [SITE.NAME]!','out-of-stock','Hello [USER.NAME],\n\nWhile your ad is out of stock, it is unavailable for others to see. If you wish to increase stock and activate, please follow this link [URL.EDIT].\n\nRegards!','arivu.sacs@gmail.com','2016-02-11 22:41:17','email',1),(13,'en_UK',0,'Advertisement `[AD.TITLE]` is purchased on [SITE.NAME]!','ads-purchased','Order ID: [ORDER.ID]\n\nProduct ID: [PRODUCT.ID]\n\nFor any inconvenience please contact administrator of [SITE.NAME]\n\nClick here to visit [URL.AD]','arivu.sacs@gmail.com','2016-02-11 22:41:17','email',1),(14,'en_UK',0,'Receipt for [ORDER.DESC] #[ORDER.ID]','new-order','Hello [USER.NAME],Thanks for buying [ORDER.DESC].\n\nPlease complete the payment here [URL.CHECKOUT]','arivu.sacs@gmail.com','2016-02-11 22:41:17','email',1),(15,'en_UK',0,'Success! Your advertisement `[AD.NAME]` is created on [SITE.NAME]!','ads-confirm','Welcome [USER.NAME],\n\nThank you for creating an advertisement at [SITE.NAME]! \n\nPlease click on this link [URL.QL] to confirm it.\n\nRegards!','arivu.sacs@gmail.com','2016-02-11 22:41:17','email',1),(16,'en_UK',0,'Your ad [AD.NAME] has expired','ad-expired','Hello [USER.NAME],Your ad [AD.NAME] has expired \n\nPlease check your ad here [URL.EDITAD]','arivu.sacs@gmail.com','2016-02-11 22:41:17','email',1),(17,'en_UK',0,'Your ad [AD.NAME] is going to expire','ad-to-expire','Hello [USER.NAME],Your ad [AD.NAME] will expire soon \n\nPlease check your ad here [URL.EDITAD]','arivu.sacs@gmail.com','2016-02-11 22:41:17','email',1),(18,'en_UK',0,'Password Changed [SITE.NAME]','password-changed','Hello [USER.NAME],\n\nYour password has been changed.\n\nThese are now your user details:\nEmail: [USER.EMAIL]\nPassword: [USER.PWD]\n\nWe do not have your original password anymore.\n\nRegards!','arivu.sacs@gmail.com','2016-02-11 22:41:17','email',1),(19,'en_UK',0,'New reply: [TITLE]','messaging-reply','[URL.QL]\n\n[DESCRIPTION]','arivu.sacs@gmail.com','2016-02-11 22:41:17','email',1),(20,'en_UK',0,'[FROM.NAME] sent you a direct message','messaging-user-contact','Hello [TO.NAME],\n\n[FROM.NAME] have a message for you:\n\n[DESCRIPTION]\n\n[URL.QL]\n\nRegards!','arivu.sacs@gmail.com','2016-02-11 22:41:17','email',1),(21,'en_UK',0,'Hello [TO.NAME]!','messaging-ad-contact','You have been contacted regarding your advertisement:\n\n`[AD.NAME]`.\n\nUser [FROM.NAME], have a message for you:\n\n[DESCRIPTION]\n\n[URL.QL]\n\nRegards!','arivu.sacs@gmail.com','2016-02-11 22:41:17','email',1),(22,'en_UK',0,'New review for [AD.TITLE] [RATE]','ad-review','[URL.QL]\n\n[RATE]\n\n[DESCRIPTION]','arivu.sacs@gmail.com','2016-02-11 22:41:17','email',1),(30,'ro_RO',0,'Anunțul dvs. `[AD.NAME]` a fost adăugat cu succes pe [SITE.NAME]!','ads-confirm','Bun venit, [USER.NAME].\n\nÎți mulțumim pentru adăugarea anunțului dvs. pe [SITE.NAME].\n\nTe rugăm să apeși un click pe acest link [URL.QL], pentru a confirma anunțul.\n\nToate cele bune!','arivu.sacs@gmail.com','2013-07-29 10:25:48','email',1),(31,'ro_RO',0,'Anunțul dvs. `[AD.NAME]` a fost adăugat pe [SITE.NAME].','ads-user-check','Bună [USER.NAME],\n\nAnunțul a fost adăugat în contul dvs. [USER.NAME]. Puteți vizita acest link pentru vizualizarea anunțului [URL.AD].\n\nDacă nu sunteți răspunzător pentru adăugarea acestui anunț, vă rugăm să ne contactați, folosind link-ul următor: [URL.CONTACT].','arivu.sacs@gmail.com','2013-07-29 10:27:46','email',1),(32,'ro_RO',0,'Anunțul dvs. `[AD.NAME]` a fost adăugat cu succes pe [SITE.NAME]!','ads-notify','Bună [USER.NAME],\n\nVă mulțumim că folosii serviciul nostru de anunțuri, [SITE.NAME]\n\nPuteți edita anunțul dvs. aici: [URL.QL].\n\nAnunțul dvs. nu este publicat momentan, deoarece este necesară validarea lui de către un administrator. \nNe cerem scuze pentru eventualele neplăceri. Vom încerca să-l revizuim cât mai repede posibil.\n\nCu stimă.','arivu.sacs@gmail.com','2013-07-29 10:30:59','email',1),(33,'ro_RO',0,'[EMAIL.SENDER] dorește să ia legătura cu dvs.','contact-admin','Salut Admin,\n\n[EMAIL.SENDER]: [EMAIL.FROM], are un mesaj pentru tine:\n\n[EMAIL.BODY]\n\nCu stimă.','arivu.sacs@gmail.com','2013-07-29 10:32:57','email',1),(34,'ro_RO',0,'Anunțul dvs. pe [SITE.NAME] a fost activat!','ads-activated','Salutări [USER.OWNER],\n\nDorim să vă informăm că anunțul dvs. [URL.QL] a fost activat.\nAcum, el poate fi vizualizat de către toată lumea.\n\nSperăm că nu v-am făcut să așteptați prea mult timp.\n\nCu stimă.','arivu.sacs@gmail.com','2013-07-29 10:35:35','email',1),(36,'ro_RO',0,'Bună [USER.NAME]!','user-contact','Ați fost contactat referitor la anunțul dvs. \n\nUtilizatorul [EMAIL.SENDER] [EMAIL.FROM], are un mesaj pentru dvs.:\n[EMAIL.BODY].\n\nCu stimă.','arivu.sacs@gmail.com','2013-07-29 10:40:46','email',1),(37,'ro_RO',0,'Modificare parolă [SITE.NAME]','auth-remember','Salutare [USER.NAME],\n\nVizitează acest link: [URL.QL] \n\nMulțumim!','arivu.sacs@gmail.com','2013-07-29 10:41:59','email',1),(38,'ro_RO',0,'Bun venit pe [SITE.NAME]!','auth-register','Bun venit [USER.NAME],\n\nNe bucurăm că v-ați decis să vă alăturați echipei și serviciilor noastre! [URL.QL]\n\nIată detaliile contului dvs.:\nE-mail: [USER.EMAIL]\nParolă: [USER.PWD]\n\nDe acum, vă puteți autentifica folosind aceste date. (parola generată automat nu mai este valabilă).\n\nCu stimă!','arivu.sacs@gmail.com','2013-07-29 10:44:44','email',1),(39,'pl_PL',0,'Sukces! Twoje ogłoszenie `[AD.NAME]` zostało utworzone na [SITE.NAME]!','ads-confirm','Witaj [USER.NAME],\n\nDziękujemy za zamieszczenie ogłoszenia na [SITE.NAME]!\n\nKliknij na ten link [URL.QL] aby je zatwierdzić.\n\nMiłego dnia!','arivu.sacs@gmail.com','2013-07-29 10:49:48','email',1),(40,'pl_PL',0,'Ogłoszenie utworzone na [SITE.NAME]!','ads-user-check','Witaj [USER.NAME],\n\nOgłoszenie zostało utworzone na Twoim koncie [USER.NAME]! Odwiedź ten link, aby zobaczyć ogłoszenie [URL.AD].\n\nJeśli to nie Ty utworzyłeś to ogłoszenie, kliknij na link, aby się z nami skontaktować [URL.CONTACT].','arivu.sacs@gmail.com','2013-07-29 10:51:48','email',1),(41,'pl_PL',0,'Sukces! Twoje ogłoszenie `[AD.NAME]` zostało utworzone na [SITE.NAME]!','ads-notify','Witaj [USER.NAME],\n\nDziękujemy za zamieszczenie ogłoszenia na [SITE.NAME]!\n\nMożesz edytować swoje ogłoszenie tutaj [URL.QL].\n\nTwoje ogłoszenie jest wciąż nieopublikowane, najpierw musi być zatwierdzone przez administratora.\nPrzepraszamy za wszelkie niedogodności. Ogłoszenie zostanie zatwierdzone najszybciej jak to tylko możliwe.\n\nPozdrowienia!','arivu.sacs@gmail.com','2013-07-29 10:53:51','email',1),(42,'pl_PL',0,'[EMAIL.SENDER] chce się z Tobą skontaktować!','contact-admin','Drogi administratorze,\n\n[EMAIL.SENDER]: [EMAIL.FROM], ma dla Ciebie wiadomość:\n\n[EMAIL.BODY] \n\nPozdrowienia!','arivu.sacs@gmail.com','2013-07-29 10:55:08','email',1),(43,'pl_PL',0,'Twoje ogłoszenie na [SITE.NAME] zostało aktywowane!','ads-activated','Witaj [USER.OWNER],\n\nInformujemy, że Twoje ogłoszenie [URL.QL] zostało aktywowane! Teraz może być widziane przez innych.\n\nMamy nadzieję, że nie musiałeś czekać długo.\n\nPozdrowienia!','arivu.sacs@gmail.com','2013-07-29 10:56:23','email',1),(45,'pl_PL',0,'Witaj [USER.NAME]!','user-contact','Dostałeś/aś wiadomość związaną z Twoim ogłoszeniem. \n\nUżytkownik [EMAIL.SENDER] [EMAIL.FROM] ma dla Ciebie wiadomość:\n\n[EMAIL.BODY]. \n\nMiłego dnia!','arivu.sacs@gmail.com','2013-07-29 11:00:12','email',1),(46,'pl_PL',0,'Zmień hasło [SITE.NAME]','auth-remember','Witaj [USER.NAME],\n\nKliknij na ten link [URL.QL]\n\nDziękujemy!!','arivu.sacs@gmail.com','2013-07-29 11:00:51','email',1),(47,'pl_PL',0,'Witamy na [SITE.NAME]!','auth-register','Witamy na [SITE.NAME].\n\nBardzo się cieszymy, że do nas dołączyłeś.\n\nZapamiętaj swoje dane logowania:\nEmail: [USER.EMAIL]\nHasło: [USER.PWD]\n\nNie posiadamy już Twojego poprzedniego hasła.\n\nPozdrowienia!','arivu.sacs@gmail.com','2013-07-29 11:03:08','email',1),(48,'ru_RU',0,'Готово! Ваше объявление `[AD.NAME]` размещено на [SITE.NAME]','ads-confirm','Здравствуйте,  [USER.NAME],\n\nБлагодарим за публикацию объявления на  [SITE.NAME]! \n\nДля подтверждения пройдите по ссылке [URL.QL].\n\nВсего доброго!','arivu.sacs@gmail.com','2013-07-30 08:08:43','email',1),(49,'ru_RU',0,'Объявление опубликовано на  [SITE.NAME]!','ads-user-check','Здравствуйте, [USER.NAME],\n\nВ вашем аккаунте [USER.NAME] создано новое объявление! Посмотреть его вы можете, пройдя по ссылке [URL.AD]\n\nЕсли вы не создавали никакого объявления, сообщите нам, пройдя по этой ссылке [URL.CONTACT].','arivu.sacs@gmail.com','2013-07-30 08:10:30','email',1),(50,'ru_RU',0,'Поздравляем! Ваше объявление опубликовано на [SITE.NAME]!','ads-notify','Здравствуйте, [USER.NAME],\n\nБлагодарим за публикацию объявления на  [SITE.NAME]! \n\nРедактировать объявление вы можете здесь [URL.QL].\n\nВаше объявление будет опубликовано после проверки администратором. \nПриносим свои извинения за неудобства. Постараемся исправить как можно быстрее. \n\nВсего доброго!','arivu.sacs@gmail.com','2013-07-30 08:11:50','email',1),(51,'ru_RU',0,'[EMAIL.SENDER] прислал сообщение!','contact-admin','Здравствуйте, Администратор!\n\n[EMAIL.SENDER]: [EMAIL.FROM], прислал для вас сообщение:\n\n[EMAIL.BODY]','arivu.sacs@gmail.com','2013-07-30 08:12:56','email',1),(52,'ru_RU',0,'Ваше объявление на  [SITE.NAME] опубликовано!','ads-activated','Здравствуйте, [USER.OWNER],\n\nСообщаем вам, что объявление на [URL.QL] опубликовано! Теперь его смогут увидеть другие. \n\nНадеемся, мы не заставили вас ждать слишком долго.\n\nУдачи!','arivu.sacs@gmail.com','2013-07-30 08:14:20','email',1),(54,'ru_RU',0,'Здравствуйте, [USER.NAME]!','user-contact','Это сообщение касается вашего объявления. \n\nПользователь [EMAIL.SENDER] [EMAIL.FROM] прислал сообщение: \n\n[EMAIL.BODY]. \n\nУдачи!','arivu.sacs@gmail.com','2013-07-30 08:16:48','email',1),(55,'ru_RU',0,'Изменить пароль на  [SITE.NAME]','auth-remember','Здравствуйте, [USER.NAME]!\n\nПройдите по этой сылке  [URL.QL]\n\nСпасибо!','arivu.sacs@gmail.com','2013-07-30 08:17:41','email',1),(56,'ru_RU',0,'Добро пожаловать на  [SITE.NAME]!','auth-register','Добро пожаловать, [USER.NAME],\n\nРады, что вы к нам присоединились на [URL.QL]\n\nЗапомните ваши данные для входа:\nEmail: [USER.EMAIL]\nПароль: [USER.PWD]\n\nМы не сохраяем ваш первоначальный пароль.\n\nУдачи!','arivu.sacs@gmail.com','2013-07-30 08:18:35','email',1),(57,'cs_CZ',0,'Úspěch! Váš inzerát `[AD.NAME]` byl vytvořen na [SITE.NAME]!','ads-confirm','Vítejte [USER.NAME],\n\nDěkujeme za vytvoření inzerátu na [SITE.NAME]! \n\nPro potvrzení prosím klikněte na tento link  [URL.QL]\n\nPřejeme příjemný zbytek dne!','arivu.sacs@gmail.com','2013-07-30 08:22:12','email',1),(58,'cs_CZ',0,'Inzerát je vytvořen na [SITE.NAME]!','ads-user-check','Dobrý den  [USER.NAME],\n\nInzerát byl vytvořen pod Vaším účtem [USER.NAME]!  Pro prohlédnutí inzerátu můžete kliknout na tento link  [URL.AD]\n\nPokud jste inzerát nevytvořili Vy, prosím kontaktujte nás na [URL.CONTACT].','arivu.sacs@gmail.com','2013-07-30 08:23:07','email',1),(59,'cs_CZ',0,'Úspěch! Váš inzerát `[AD.NAME]` byl vytvořen na [SITE.NAME]!','ads-notify','Dobrý den  [USER.NAME],\n\nDěkujeme za zveřejnění inzerátu na [SITE.NAME]! \n\nVáš inzerát můžete upravit zde  [URL.QL].\n\nVáš inzerát ještě není zveřejněn, potřebuje být schválen administrátorem.\nOmlouváme se za nepříjemností. Shlédneme ho, co nejdříve to bude možné.\n\nPřejeme příjemný zbytek dne!','arivu.sacs@gmail.com','2013-07-30 08:24:31','email',1),(60,'cs_CZ',0,'[EMAIL.SENDER] Vás chce kontaktovat!','contact-admin','Dobrý den Admine,\n\n[EMAIL.SENDER]: [EMAIL.FROM], má pro Vás zprávu:\n\n[EMAIL.BODY] \n\nPřejeme příjemný zbytek dne!','arivu.sacs@gmail.com','2013-07-30 08:26:28','email',1),(61,'cs_CZ',0,'Váš inzerát na [SITE.NAME] byl aktivován!','ads-activated','Dobrý den [USER.OWNER],\n\nChceme Vás informovat, že Váš inzerát [URL.QL]  byl aktivován!\nNyní si ho mohou prohlížet ostatní.\n\nDoufáme, že jste nečekali dlouho.\n\nPřejeme příjemný zbytek dne!','arivu.sacs@gmail.com','2013-07-30 08:27:36','email',1),(63,'cs_CZ',0,'Dobrý den [USER.NAME]!','user-contact','Byli jste kontaktování ohledně Vašeho inzerátu, uživatelem [EMAIL.SENDER] \n\n[EMAIL.FROM], má pro Vás tuto zprávu:\n\n[EMAIL.BODY]. \n\nPřejeme příjemný zbytek dne!','arivu.sacs@gmail.com','2013-07-30 08:30:08','email',1),(64,'cs_CZ',0,'Změna hesla [SITE.NAME]','auth-remember','Dobrý den [USER.NAME],\n\nKlikněte na tento link  [URL.QL]\n\nDěkujeme!','arivu.sacs@gmail.com','2013-07-30 08:31:01','email',1),(65,'cs_CZ',0,'Vítejte na [SITE.NAME]!','auth-register','Vítejte [USER.NAME],\n\nJsme rádi, že jste se k nám připojili! [URL.QL]\n\nZapamatujte si Vaše přihlašovací údaje:\nEmail: [USER.EMAIL]\nHeslo: [USER.PWD]\n\nJiž nemáme Vaše původní heslo.\n\nPřejeme příjemný zbytek dne!','arivu.sacs@gmail.com','2013-07-30 08:32:10','email',1),(75,'da_DK',0,'Din annonce `[AD.NAME]` blev oprettet på [SITE.NAME]!','ads-confirm','Velkommen [USER.NAME],\n\nTak for din annonce på [SITE.NAME]!\n\nFølge dette link for at bekræfte annoncen.\n\nMed venlig hilsen','arivu.sacs@gmail.com','2013-07-30 08:55:52','email',1),(76,'da_DK',0,'Annonce oprettet på [SITE.NAME]!','ads-user-check','Hej [USER.NAME],\n\nAnnoncen er oprettet under din profil [USER.NAME]! Du kan følge dette link for at se din annonce: [URL.AD]\n\nHvis det ikke er dig der har oprettet denne annonce, så kontakt os her: [URL.CONTACT].','arivu.sacs@gmail.com','2013-07-30 08:56:56','email',1),(77,'da_DK',0,'Din annonce `[AD.NAME]` blev oprettet på [SITE.NAME]!','ads-notify','Hej [USER.NAME],\n\nTak for din annonce på [SITE.NAME]! \n\nDu kan redigere din annonce her [URL.QL].\n\nDin annonce er endnu ikke udgivet, da den skal valideres af en administrator. \n\nVi validerer annoncer så hurtigt vi kan, og undskylder på forhånd for ventetiden.\n\nMed venlig hilsen','arivu.sacs@gmail.com','2013-07-30 08:58:35','email',1),(78,'da_DK',0,'[EMAIL.SENDER] vil gerne i kontakt med dig','contact-admin','Hej Admin,\n\n[EMAIL.SENDER]: [EMAIL.FROM], har skrevet en besked til dig:\n\n[EMAIL.BODY] \n\nMed venlig hilsen','arivu.sacs@gmail.com','2013-07-30 08:59:54','email',1),(79,'da_DK',0,'Din annonce på [SITE.NAME] er blevet aktiveret!','ads-activated','Hej [USER.OWNER],\n\nDin annonce [URL.QL] er blevet aktiveret,\nden er nu synlig for alle!\n\nHeld og lykke med annoncen.\n\nMed venlig hilsen','arivu.sacs@gmail.com','2013-07-30 09:01:26','email',1),(81,'da_DK',0,'Hej [USER.NAME]!','user-contact','Der er et svar til din annonce. \nBrugeren [EMAIL.SENDER] [EMAIL.FROM], har skrevet følgende besked til dig:\n\n[EMAIL.BODY]. \n\nMed venlig hilsen','arivu.sacs@gmail.com','2013-07-30 09:04:57','email',1),(82,'da_DK',0,'Ændring af adgangskode på [SITE.NAME]','auth-remember','Hej [USER.NAME],\n\nFølg dette link: [URL.QL]\n\nTak!','arivu.sacs@gmail.com','2013-07-30 09:07:13','email',1),(83,'da_DK',0,'Velkommen til [SITE.NAME]!','auth-register','Velkommen [USER.NAME],\n\nVi er glade for du vil være med! [URL.QL]\n\nHusk venligst dine log ind oplysninger:\nEmail: [USER.EMAIL]\nAdgangskode: [USER.PWD]\n\nDin oprindelige adgangskode er ikke længere gyldig.\n\nMed venlig hilsen','arivu.sacs@gmail.com','2013-07-30 09:08:14','email',1),(84,'no_NO',0,'Vellykket! Din annonse `[AD.NAME]` er opprettet på [SITE.NAME]!','ads-confirm','Velkommen [USER.NAME],\n\nTakk for at du la inn annonnse på [SITE.NAME]! \n\nVennligst klikk på denne lenken [URL.QL] for å godkjenne den.\n\nHilsen!','arivu.sacs@gmail.com','2013-07-31 11:22:01','email',1),(85,'no_NO',0,'Annonse er opprettet på [SITE.NAME]!','ads-user-check','Hallo [USER.NAME],\n\nAnnonse er opprettet for din bruker [USER.NAME]! Du kan klikke på denne lenken for å se annonsen [URL.AD]\n\nHvis du ikke har opprettet denne annonse, klikk på lenken for å kontakte oss [URL.CONTACT].','arivu.sacs@gmail.com','2013-07-31 11:22:55','email',1),(86,'no_NO',0,'Vellykket! Din annonse `[AD.NAME]` er opprettet på [SITE.NAME]!','ads-notify','Hallo [USER.NAME],\n\nTakk for at du la inn annonnse på [SITE.NAME]! \nDu kan editere annonsen her [URL.QL].\n\nDin annonse er fremdeles ikke publisert, den må godkjennes av en administrator. \n\nVi beklager ubeleiligheten. Vi vill se på det så snarest mulig.\n\nHilsen!','arivu.sacs@gmail.com','2013-07-31 11:31:47','email',1),(87,'no_NO',0,'[EMAIL.SENDER] ønsker å kontakte deg!','contact-admin','Hallo Admin,\n\n[EMAIL.SENDER]: [EMAIL.FROM], har en melding til deg:\n\n[EMAIL.BODY] \n\nHilsen!','arivu.sacs@gmail.com','2013-07-31 11:32:36','email',1),(88,'no_NO',0,'Din annonse påt [SITE.NAME], har blitt aktivert!','ads-activated','Hallo [USER.OWNER],\n\nVi vil informere deg om at din annonse [URL.QL] har blitt aktivert!\nDen kan nå ses av andre. \n\nVi håper du ikke måtte vente for lenge. \n\nHilsen!','arivu.sacs@gmail.com','2013-07-31 11:33:29','email',1),(90,'no_NO',0,'Hallo [USER.NAME]!','user-contact','Du har blitt kontaktet angående din annonse. \nBruker [EMAIL.SENDER] [EMAIL.FROM], har en beskjed til deg: \n[EMAIL.BODY]. \n\nHilsen!','arivu.sacs@gmail.com','2013-07-31 11:35:54','email',1),(91,'no_NO',0,'Endre passord [SITE.NAME]','auth-remember','Hallo [USER.NAME],\n\nKlikk på denne lenken  [URL.QL]\n\nTakk!!','arivu.sacs@gmail.com','2013-07-31 11:37:12','email',1),(92,'no_NO',0,'Velkommen to [SITE.NAME]!','auth-register','Velkommen [USER.NAME],\n\nVi setter pris på at du har registrert deg! [URL.QL]\n\nHusk din brukerinformasjon:\nE-post: [USER.EMAIL]\nPassword: [USER.PWD]\n\nVi har ikke ditt opprinnelige passord lenger.\n\nHilsen!','arivu.sacs@gmail.com','2013-07-31 11:38:06','email',1),(93,'ca_ES',0,'Èxit! El vostre anunci `[AD.NAME]` és creat damunt [SITE.NAME]!','ads-confirm','Benvingut [USER.NAME],\n\nGràcies Per crear un anunci a [SITE.NAME]! \n\nSi us plau clic en aquest enllaç [URL.QL] per confirmar-lo.\n\nConsideracions,','arivu.sacs@gmail.com','2013-07-31 11:46:03','email',1),(94,'ca_ES',0,'El vostre anunci és creat damunt [SITE.NAME]!','ads-user-check','Hola [USER.NAME],\n\nL\'anunci és creat sota el vostre compte [USER.NAME]! Pots visitar aquest enllaç per veure anunci [URL.AD].\n\nSi no ets responsable per crear aquest anunci, clic un enllaç per contactar-nos [URL.CONTACT].','arivu.sacs@gmail.com','2013-07-31 11:55:59','email',1),(95,'ca_ES',0,'Èxit! El vostre anunci `[AD.NAME]` és creat damunt [SITE.NAME]!','ads-notify','Hola [USER.NAME],\n\nGràcies Per crear un anunci a [SITE.NAME]! \nEt Pot editar el vostre anunci aquí [URL.QL].\n\nEl vostre anunci és encara no publicat, necessita ser validat per un administrador. \nEns sap greu per qualsevol inconveniència. El revisarem al més aviat possible. \n\nConsideracions!','arivu.sacs@gmail.com','2013-08-02 09:29:57','email',1),(96,'ca_ES',0,'[EMAIL.SENDER] vol contactarte!','contact-admin','Hola Admin,\n\n[EMAIL.SENDER]: [EMAIL.FROM], té un missatge per tu:\n\n[EMAIL.BODY]\n\nConsideracions!','arivu.sacs@gmail.com','2013-08-02 11:17:04','email',1),(97,'ca_ES',0,'El vostre anunci a [SITE.NAME] ha estat activat!','ads-activated','Hola [USER.OWNER],\n\nEt volem informar que el vostre anunci [URL.QL] ha estat activat! Ara pugui ser vist per altres. \nEsperem no vam fer esperes per llarg. \n\nConsideracions!','arivu.sacs@gmail.com','2013-08-02 11:18:05','email',1),(99,'ca_ES',0,'Hola [USER.NAME]!','user-contact','T\'Ha estat contactat pel que fa al vostre anunci. Usuari [EMAIL.SENDER] [EMAIL.FROM], té un missatge per tu: \n[EMAIL.BODY]\n\nConsideracions!','arivu.sacs@gmail.com','2013-08-02 09:47:07','email',1),(100,'ca_ES',0,'Canvi contrasenya [SITE.NAME]','auth-remember','Hola [USER.NAME],\n\nSeguir aquest enllaç [URL.QL]\n\nGràcies!!','arivu.sacs@gmail.com','2013-08-02 09:48:18','email',1),(101,'ca_ES',0,'Benvingut a [SITE.NAME]!','auth-register','Benvinguda [USER.NAME],\n\nSom realment feliços que te\'ns ha unit! [URL.QL]\n\nRecordar els vostres detalls d\'usuari:\nCorreu electrònic: [USER.EMAIL]\nContrasenya: [USER.PWD]\nNo tenim la vostra contrasenya original més.\n\nConsideracions!','arivu.sacs@gmail.com','2013-08-02 09:49:40','email',1),(102,'in_ID',0,'Berhasil! Iklan anda `[AD.NAME]` telah dibuat [SITE.NAME]!','ads-confirm','Selamat datang [USER.NAME],\n\nTerima kasih telah membuat iklan di [SITE.NAME]! \n\nSilahkan Klik link ini [URL.QL] untuk konfirmasi.\n\nRegard!','arivu.sacs@gmail.com','2013-08-02 10:04:14','email',1),(103,'in_ID',0,'Iklan telah dibuat [SITE.NAME]!','ads-user-check','Halo [USER.NAME],\n\nIklananda telah dibuat dibawah email [USER.NAME]! Anda dapat mengunjungi tutan ini untuk melihat iklan [URL.AD]\n\nJika anda tidak bertanggung jawab membuat iklan ini, klik tautan untuk hubungi kami [URL.CONTACT].','arivu.sacs@gmail.com','2013-08-02 10:05:30','email',1),(104,'in_ID',0,'Berhasil! Iklan anda `[AD.NAME]` telah dibuat [SITE.NAME]!','ads-notify','Halo [USER.NAME],\n\nTerima kasih telah membuat iklan di [SITE.NAME]! \n\nAnda dapar mengedit iklan anda disini [URL.QL].\n\nIklan ada masih belum dipublikasi, harus disahkan oleh administrator.\nKami meminta maaf atas gangguan ini. Kami akan mengadakan peninjauan segera.\n\nRegard!','arivu.sacs@gmail.com','2013-08-02 10:07:03','email',1),(105,'in_ID',0,'[EMAIL.SENDER] ingin menghubungi Anda!','contact-admin','Halo Admin,\n\n[EMAIL.SENDER]: [EMAIL.FROM], Mempunyai pesan untuk anda:\n[EMAIL.BODY] \n\nRegard!','arivu.sacs@gmail.com','2013-08-02 10:07:54','email',1),(106,'in_ID',0,'Iklan ada pada situs [SITE.NAME] telah diaktifan!','ads-activated','Halo [USER.OWNER],\n\nKami akan menginformasikan bahwa iklan anda [URL.QL] telah diaktifkan!\nSekarang dapat terlihat oleh yang lain.\n\nKami harap tidak membuat anda menunggu lama.\n\nRegard!','arivu.sacs@gmail.com','2013-08-02 10:09:34','email',1),(108,'in_ID',0,'Halo [USER.NAME]!','user-contact','Anda telah dihubungi mengenai iklan Anda. Pengguna [EMAIL.SENDER] [EMAIL.FROM], mempunyai pesan untuk anda: \n[EMAIL.BODY]. \n\nRegard!','arivu.sacs@gmail.com','2013-08-02 10:12:05','email',1),(109,'in_ID',0,'Ubah kata sandi [SITE.NAME]','auth-remember','Halo [USER.NAME],\n\nIkutitautan ini [URL.QL]\n\nTerima kasih!!','arivu.sacs@gmail.com','2013-08-02 10:13:28','email',1),(110,'in_ID',0,'Selamat datang di [SITE.NAME]!','auth-register','Selamat datang [USER.NAME],\n\nKami sangat senang karena anda telah bergabung dengan kami! [URL.QL]\n\nMengingat rincian pengguna Anda:\nEmail: [USER.EMAIL]\nKata sandi: [USER.PWD]\n\nKami tidak mempunyai kata sandi anda yang asli lagi.\n\nRegard!','arivu.sacs@gmail.com','2013-08-02 10:14:44','email',1),(111,'sk_SK',0,'Blahoželáme! Váš inzerát `[AD.NAME]` je vytvorený na [SITE.NAME]!','ads-confirm','Vitajte [USER.NAME],\n\nĎakujeme za pridanie inzerátu na [SITE.NAME]!\n\nProsím kliknite na nasledujúci odkaz [URL.QL] pre potvrdenie.\n\nS pozdravom!','arivu.sacs@gmail.com','2013-08-02 10:19:56','email',1),(112,'sk_SK',0,'Inzerát je vytvorený na [SITE.NAME]!','ads-user-check','Dobrý deň [USER.NAME],\n\n Inzerát bol vytvorený pod Vaším účtom [USER.NAME]! Pre zobrazenie inzerátu môžete navštíviť túto stránku [URL.AD]\n\nAk ste nevytvorili tento inzerát, kliknite na nasledujúci link aby ste nás kontaktovali  [URL.CONTACT].','arivu.sacs@gmail.com','2013-08-02 10:21:41','email',1),(113,'sk_SK',0,'Blahoželáme! Váš inzerát `[AD.NAME]` je vytvorený na [SITE.NAME]!','ads-notify','Dobrý deň  [USER.NAME],\n\nĎakujeme za zadanie inzerátu na stránke [SITE.NAME]! \nVáš inzerát môžete upraviť tu [URL.QL].\n\nVáš inzerát ešte nie je zverenený, musí ho schváliť administrátor.\nOspravedlňujeme sa za nepríjemnosť. Budeme sa tomu venovať hneď ako to bude možné.\n\nS pozdravom!','arivu.sacs@gmail.com','2013-08-02 10:23:18','email',1),(114,'sk_SK',0,'[EMAIL.SENDER] má pre Vás správu','contact-admin','Dobrý deň Admin,\n\n[EMAIL.SENDER]: [EMAIL.FROM], má pre Vás správu:\n\nS pozdravom!','arivu.sacs@gmail.com','2013-08-02 10:27:37','email',1),(115,'sk_SK',0,'Váš inzerát na [SITE.NAME] bol aktivovaný!','ads-activated','Dobrý deň [USER.OWNER],\n\nOznamujeme Vám, že Váš inzerát [URL.QL] aktivovaný!\nTeraz to môžu vidieť aj ostatní.\n\nDúfame, že sme Vás nenechali čakať dlho.\n\nS pozdravom !','arivu.sacs@gmail.com','2013-08-02 10:28:44','email',1),(117,'sk_SK',0,'Dobrý deň [USER.NAME]!','user-contact','Boli ste kontaktovaní vzhľadom na Váš inzerát. \n\nUžívateľ [EMAIL.SENDER] [EMAIL.FROM], má pre Vás správu: \n\n[EMAIL.BODY]. \n\nS pozdravom!','arivu.sacs@gmail.com','2013-08-02 10:32:17','email',1),(118,'sk_SK',0,'Zmena hesla [SITE.NAME]','auth-remember','Dobrý deň  [USER.NAME],\n\nNásledujte tento odkaz [URL.QL]\n\nĎakujeme!','arivu.sacs@gmail.com','2013-08-02 10:34:08','email',1),(119,'sk_SK',0,'Vitajte na [SITE.NAME]!','auth-register','Vitajte [USER.NAME],\n\nNaozaj nás teší, že ste sa k nám pripojili! [URL.QL]\nUchovajte si Vaše údaje:\nEmail: [USER.EMAIL]\nHeslo: [USER.PWD]\nUž nemáme vaše pôvodné heslo.\n\nĎakujeme!','arivu.sacs@gmail.com','2013-08-02 10:35:50','email',1),(120,'ml_IN',0,'[SITE.NAME] - ല്‍ താങ്കളുടെ `[AD.NAME]` പരസ്യം സ്വീകരിക്കപ്പെട്ടിരിക്കുന്നു.  അഭിനന്ദനങ്ങള്‍!','ads-confirm','സ്വാഗതം [USER.NAME],\n\n[SITE.NAME] - ല്‍ ഒരു പരസ്യം പ്രസിദ്ധീകരിക്കുവാന്‍ മുമ്പോട്ടുവന്നതില്‍ താങ്കളോട്‌ നന്ദി അറിയിക്കുന്നു.\n\nദയവായി അത്‌ ഉറപ്പാക്കുവാന്‍ ഈ ലിങ്കില്‍ ക്ലിക്ക് ചെയ്യുക [URL.QL] \n\nഅന്യേഷണങ്ങള്‍ അറിയിക്കുന്നു !','arivu.sacs@gmail.com','2013-08-02 11:21:25','email',1),(121,'ml_IN',0,'[SITE.NAME] - ല്‍  പരസ്യം സ്വീകരിക്കപ്പെട്ടിരിക്കുന്നു!','ads-user-check','ഹെല്ലോ [USER.NAME],\n\nപ്രിയ [USER.NAME], താങ്കളുടെ അക്കൗണ്ടില്‍ ഈ പരസ്യം ഞങ്ങള്‍ സ്വീകരിച്ചിരിക്കുന്നു. താങ്കളുടെ പരസ്യം കാണുവാന്‍ ഈ ലിങ്കില്‍ ക്ലിക്ക് ചെയ്യുക [URL.AD]\n\nഈ പരസ്യം താങ്കള്‍ തന്നിരിക്കുന്നതല്ല എങ്കില്‍, ദയവായി ഈ ലിങ്കില്‍ ക്ലിക്ക് ചെയ്ത്‌ ഞങ്ങളെ വിവരമറിയിക്കുക [URL.CONTACT].','arivu.sacs@gmail.com','2013-08-02 11:23:21','email',1),(122,'ml_IN',0,'[SITE.NAME] - ല്‍ താങ്കളുടെ `[AD.NAME]` പരസ്യം സ്വീകരിക്കപ്പെട്ടിരിക്കുന്നു.  അഭിനന്ദനങ്ങള്‍!','ads-notify','ഹെല്ലോ [USER.NAME],\n\n[SITE.NAME] - ല്‍ ഒരു പരസ്യം പ്രസിദ്ധീകരിക്കുവാന്‍ മുമ്പോട്ടുവന്നതില്‍ താങ്കളോട്‌ നന്ദി അറിയിക്കുന്നു.\n\nതാങ്കളുടെ പരസ്യത്തില്‍ ഏതെങ്കിലും മാറ്റം വരുത്തുവാന്‍ ഉണ്ടെങ്കില്‍ ഈ ലിങ്ക് ഉപയോഗിക്കുക [URL.QL].\n\nതാങ്കളുടെ പരസ്യം ഇപ്പോഴും പ്രസിദ്ധീകരിക്കപ്പെട്ടില്ല. അത് അഡ്മിനിസ്ട്രേട്ടരുടെ വിലയിരുത്തലിനുകൂടി വിധേയമാവേണ്ടതുണ്ട്.\nതാങ്കള്‍ക്കുണ്ടായ അസൌകര്യങ്ങള്‍ക്ക് ക്ഷമാപണം നടത്തുന്നു.ഏറ്റവും വേഗത്തില്‍ പരിശോധനാ നടപടികള്‍ പൂര്‍ത്തീകരിക്കുന്നതാണ്.\n\nഅന്യേഷണങ്ങള്‍ അറിയിക്കുന്നു !','arivu.sacs@gmail.com','2013-08-02 11:25:33','email',1),(123,'ml_IN',0,'[SITE.NAME] - ല്‍ തന്നിരുന്ന താങ്കളുടെ പരസ്യം ആക്ടിവേറ്റ് ചെയ്യപ്പെട്ടിരിക്കുന്നു. അഭിനന്ദനങ്ങള്‍','ads-activated','ഹെല്ലോ [USER.OWNER],\n\nതാങ്കളുടെ പരസ്യം [URL.QL] ആക്ടിവേറ്റ് ആയിരിക്കുന്നതായി അറിയിക്കുന്നതില്‍ അതിയായ സന്തോഷമുണ്ട്.\nഇപ്പോള്‍ താങ്കളുടെ പരസ്യം മറ്റുള്ളവര്‍ക്കും കാണുവാന്‍ കഴിയും.\nതാങ്കളെ ഏറെ കാത്തിരുത്തിയില്ലായെന്നു കരുതട്ടെ.\nഅന്യേഷണങ്ങള്‍ അറിയിക്കുന്നു !','arivu.sacs@gmail.com','2013-08-02 11:27:09','email',1),(125,'ml_IN',0,'ഹെല്ലോ [USER.NAME]!','user-contact','താങ്കളുടെ പരസ്യത്തിന് ഇതാ ഒരു അന്വേഷണം എത്തിയിരിക്കുന്നു.  [EMAIL.SENDER] [EMAIL.FROM] - ല്‍ നിന്നുമുള്ള പ്രതികരണമാണിത്.\n\n[EMAIL.BODY]\n\nഅന്യേഷണങ്ങള്‍ അറിയിക്കുന്നു !','arivu.sacs@gmail.com','2013-08-02 11:29:59','email',1),(126,'ml_IN',0,'പാസ്‌വേഡ് മാറ്റം : [SITE.NAME]!','auth-remember','ഹെല്ലോ [USER.NAME],\n\nഈ ലിങ്ക് പിന്‍തുടരുക [URL.QL]\n\nനന്ദി!','arivu.sacs@gmail.com','2013-08-02 11:31:21','email',1),(127,'ml_IN',0,'[SITE.NAME] - ലേയ്ക്ക് സ്വാഗതം!','auth-register','സ്വാഗതം [USER.NAME],\n\nപ്രിയ [URL.QL], താങ്കള്‍ ഞങ്ങളോടൊപ്പം ഒത്തുചേര്‍ന്നത്തില്‍ അതിയായ സന്തോഷം അറിയിക്കുന്നു.\n\nതാങ്കളുടെ യൂസര്‍ അക്കൌണ്ട് വിവരങ്ങള്‍ ഓര്‍ത്തിരിക്കുക:\nഇമെയില്‍ : [USER.EMAIL]\nപാസ്‌വേഡ് : [USER.PWD]\n\nതുടര്‍ന്ന്‍ താങ്കളുടെ പാസ്‌വേഡ് ഞങ്ങളോടൊപ്പമല്ല, താങ്കളുടെ നിയന്ത്രണത്തിലാന്നെന്ന്‍ അറിയുക.\n\nഅന്യേഷണങ്ങള്‍ അറിയിക്കുന്നു !','arivu.sacs@gmail.com','2013-08-02 11:32:29','email',1),(128,'ar',0,'تم بنجاح `[AD.NAME]` اضافة اعلانك على موقع [SITE.NAME]!','ads-confirm','[right][USER.NAME] مرحبا[/right]\n[right]شكرا  لك على وضع اعلانك على  موقع [SITE.NAME][/right]\n[right]الرجاء الضغط على الرابط  [URL.QL] للتاكيد[/right]\n[right]مع ارق التحيات[/right]','arivu.sacs@gmail.com','2013-08-05 10:07:44','email',1),(129,'ar',0,'تم ‘نشاء الاعلان  على  [SITE.NAME]!','ads-user-check','[right][USER.NAME] مرحبا [/right]\n[right]تم انشاء اعلان  بواسطة حسابك [USER.NAME]!  اضغط على الرابط للتاكد من الاعلان [URL.AD][/right]\n[right]اذا لم تقم بانشاء هذا الاعلان , الرجاء الضغط على الرابط للتواصل معنا [URL.CONTACT][/right]','arivu.sacs@gmail.com','2013-08-05 10:13:12','email',1),(130,'ar',0,'تم بنجاح `[AD.NAME]` اضافة اعلانك على موقع [SITE.NAME]!','ads-notify','[right]مرحبا[USER.NAME][/right]\n[right]شكرا لك لانشائك اعلان على موقع [SITE.NAME][/right]\n[right]بمكانك التعديل على الاعلان  هنا [URL.QL][/right]\n[right]لم يتم نشر اعلانك حتى تتم الموافقة من الادارة.[/right]\n[right]ونحن نعتذر عن أي إزعاج. وسوف يتم مراجعة في أقرب وقت ممكن.[/right]\n[right]تحياتنا  لك [/right]','arivu.sacs@gmail.com','2013-08-05 10:16:20','email',1),(131,'ar',0,'!يريد الاتصال بك [EMAIL.SENDER]','contact-admin','[right]اهلا مدير [/right]\n[right][EMAIL.SENDER] لديك رساله جديدة من [EMAIL.FROM][/right]\n[right][EMAIL.BODY][/right]\n[right]تحياتنا لك [/right]','arivu.sacs@gmail.com','2013-08-05 10:20:56','email',1),(132,'ar',0,'تم تفعيل علانك على موقع [SITE.NAME]!','ads-activated','[right]مرحبا [USER.OWNER][/right]\n[right]نود اعلامك بان اعلانك [URL.QL] قد تم تفعيلة ![/right]\n[right]الان يمكن للاخرين مشاهدته[/right]\n[right]نتمنى ألا نكون قد اطلنا انتظارك [/right]\n[right]تحياتنا لك [/right]','arivu.sacs@gmail.com','2013-08-05 10:22:53','email',1),(134,'ar',0,'مرحبا [USER.NAME],','user-contact','[right]تم الاتصال بك  بسبب اعلانك  المستخدم [EMAIL.FROM][EMAIL.SENDER] قام ارسالك  رساله  [/right]\n[right][EMAIL.BODY][/right]\n[right]تحياتنا لك [/right]','arivu.sacs@gmail.com','2013-08-05 10:26:01','email',1),(135,'ar',0,'تغيير كلمة المرور [SITE.NAME]','auth-remember','[right]مرحبا [USER.NAME][/right]\n[right]الرجاء  الضغط على الرابط التالي [URL.QL][/right]\n[right]وشكرا لك [/right]','arivu.sacs@gmail.com','2013-08-05 10:27:06','email',1),(136,'ar',0,'مرحبا [SITE.NAME]','auth-register','[right]مرحبا [USER.NAME][/right]\n[right]نحن في غاية السعادة بنظمامك الينا! [URL.QL][/right]\n[right]تفااصيل حسابك [/right]\n[right]البريد الالكتروني: [USER.EMAIL][/right]\n[right]كلمة السر: [USER.PWD][/right]\n[right]لم نعد نملك كلمة السر الاصلية  بعد الان.[/right]\n[right]تحياتنا لك[/right]','arivu.sacs@gmail.com','2013-08-05 10:28:13','email',1),(137,'es_ES',0,'Cambiar Contraseña [SITE.NAME]','auth-remember','Hola [USER.NAME],\r\n\r\nSigue este enlace  [URL.QL]\r\n\r\n¡Gracias!','arivu.sacs@gmail.com','2014-10-28 03:40:59','email',1),(138,'es_ES',0,'¡Bienvenido a [SITE.NAME]!','auth-register','Bienvenido [USER.NAME],\r\n\r\n¡Estamos muy contentos de que te no hayas unido! [URL.QL]\r\n\r\nRecuerda tus detalles de usuario:\r\nEmail: [USER.EMAIL]\r\nContraseña: [USER.PWD]\r\n\r\nYa no tenemos más tu contraseña original.\r\n\r\n¡Saludos!','arivu.sacs@gmail.com','2014-10-28 03:43:35','email',1),(139,'es_ES',0,'¡Hola [USER.NAME]!','user-contact','Has sido contactado en relación con tu anuncio: \r\n\r\n`[AD.NAME]`. \r\n\r\n Usuario [EMAIL.SENDER] [EMAIL.FROM], tiene un mensaje para ti: \r\n\r\n[EMAIL.BODY]. \r\n\r\n ¡Saludos!','arivu.sacs@gmail.com','2014-10-28 03:44:40','email',1),(140,'es_ES',0,'¡Hola [USER.NAME]!','user-profile-contact','Usuario [EMAIL.SENDER] [EMAIL.FROM], tiene un mensaje para ti: \r\n\r\n[EMAIL.SUBJECT] \r\n\r\n[EMAIL.BODY]. \r\n\r\n ¡Saludos!','arivu.sacs@gmail.com','2014-10-28 03:45:17','email',1),(141,'es_ES',0,'¡[EMAIL.SENDER] quiere contactarte!','contact-admin','Hello Admin,\r\n\r\n [EMAIL.SENDER]: [EMAIL.FROM], tiene un mensaje para ti:\r\n\r\n [EMAIL.BODY] \r\n\r\n ¡Saludos!','arivu.sacs@gmail.com','2014-10-28 03:46:09','email',1),(142,'es_ES',0,'¡Tu anuncio `[AD.NAME]` en [SITE.NAME] ha sido activado!','ads-activated','Hola [USER.OWNER],\r\n\r\n ¡Queremos informate que tu anuncio [URL.QL] ha sido activado!\r\n\r\n Ahora puede ser visto por otros usuarios. \r\n\r\n Esperamos no habarte hecho esperar demasiado. \r\n\r\n¡Saludos!','arivu.sacs@gmail.com','2014-10-28 03:48:22','email',1),(143,'es_ES',0,'¡Enhorabuena! Tu anuncio `[AD.NAME]` ha sido creado en [SITE.NAME]!','ads-notify','Hola [USER.NAME],\r\n\r\n¡Gracias por crear un anuncio en [SITE.NAME]! \r\n\r\nPuedes editar tu anuncio aquí [URL.QL].\r\n\r\n Tu anuncio aún no está publicado, necesita que sea validado por un administrador. \r\n\r\n Lamentamos el inconveniente. Lo revisaremos lo más pronto posible.\r\n\r\n¡Saludos!','arivu.sacs@gmail.com','2014-10-28 03:51:32','email',1),(144,'es_ES',0,'¡Anuncio `[AD.NAME]` ha sido creado en [SITE.NAME]!','ads-user-check','Hola [USER.NAME],\r\n\r\n ¡[USER.NAME], un anuncio ha sido creado en tu cuenta! Puedes visitar este enlace para verlo [URL.AD]\r\n\r\n Si no eres el responsable de la creación de este anuncio, has clic en este enlace para contactarnos [URL.CONTACT].\r\n\r\n','arivu.sacs@gmail.com','2014-10-28 04:08:50','email',1),(145,'es_ES',0,'¡Anuncio `[AD.TITLE]` ha sido creado en [SITE.NAME]!','ads-subscribers','¡Hola,\r\n\r\n ¡Quizás te interese esto!\r\n\r\nPuede visitar este enlace para ver el anuncio [URL.AD]\r\n\r\n','arivu.sacs@gmail.com','2014-10-28 04:08:55','email',1),(146,'es_ES',0,'¡Anuncio `[AD.TITLE]` ha sido creado en [SITE.NAME]!','ads-to-admin','Clic aquí para visitarlo [URL.AD]','arivu.sacs@gmail.com','2014-10-28 04:03:48','email',1),(147,'es_ES',0,'¡Anuncio `[AD.TITLE]` ha sido vendido en [SITE.NAME]!','ads-sold','ID de la orden: [ORDER.ID]\r\n\r\nID del producto: [PRODUCT.ID]\r\n\r\nPor favor, verifica tu cuenta para el pago recibido.\r\n\r\nClic aquí para visitar [URL.AD]','arivu.sacs@gmail.com','2014-10-28 04:08:16','email',1),(148,'es_ES',0,'¡El anuncio `[AD.TITLE]` ya no cuenta con stock en [SITE.NAME]!','out-of-stock','Hola [USER.NAME],\r\n\r\nMientras tu anuncio está fuera de stock, no estará disponible para que otros usuarios lo vean. Si deseas incrementar tu stock y activar tu anuncio, por favor sigue este enlace [URL.EDIT].\r\n\r\n¡Saludos!','arivu.sacs@gmail.com','2014-10-28 04:08:07','email',1),(149,'es_ES',0,'¡El anuncio `[AD.TITLE]` ha sido comprado [SITE.NAME]!','ads-purchased','ID de la orden: [ORDER.ID]\r\n\r\nID del producto: [PRODUCT.ID]\r\n\r\nPor cualquier inconveniente por favor ponte en contacto con el administrador de [SITE.NAME]\r\n\r\nClic aquí para visitar [URL.AD]','arivu.sacs@gmail.com','2014-10-28 04:10:23','email',1),(150,'es_ES',0,'Recibo de [ORDER.DESC] #[ORDER.ID]','new-order','Hola [USER.NAME], gracias por comprar [ORDER.DESC].\r\n\r\nPor favor, completa tu pago aquí [URL.CHECKOUT]','arivu.sacs@gmail.com','2014-10-28 04:11:39','email',1),(151,'es_ES',0,'¡Enhorabuena! Tu anuncio `[AD.NAME]` fue creado en [SITE.NAME]!','ads-confirm','Bienvenido [USER.NAME],\r\n\r\nGracias por crear un anuncio en [SITE.NAME]! \r\n\r\nPor favor, has clic en este enlace [URL.QL] para confirmarlo.\r\n\r\n¡Saludos!','arivu.sacs@gmail.com','2014-10-28 04:12:51','email',1),(152,'es_ES',0,'Tu anuncio [AD.NAME] ha expirado','ad-expired','Hola [USER.NAME], Tu anuncio [AD.NAME] ha expirado \r\n\r\nPor favor, revisa tu anuncio aquí [URL.EDITAD]','arivu.sacs@gmail.com','2014-10-28 03:52:59','email',1),(153,'es_ES',0,'Opinión nueva para [AD.TITLE] [RATE]','ad-review','[URL.QL]\r\n\r\n[RATE]\r\n\r\n[DESCRIPTION]','arivu.sacs@gmail.com','2014-10-28 03:52:15','email',1),(154,'fr_FR',0,'Félicitations! Votre annonce a bien été créée sur [SITE.NAME]!','ads-confirm','Bienvenue [USER.NAME],<br /><br />\n<br /><br />\nMerci d\'avoir créé une anonnce sur [SITE.NAME]! <br /><br />\n<br /><br />\nVeuillez cliquer sur ce lien [URL.QL] pour la confirmer.<br /><br />\n<br /><br />\nCordialement!','arivu.sacs@gmail.com','2016-02-11 22:41:17','email',1),(155,'fr_FR',0,'Félicitations! Votre annonce a été créée sur [SITE.NAME]!','ads-notify','Bonjour [USER.NAME],<br /><br />\n<br /><br />\nMerci d\'avoir créé une anonnce sur [SITE.NAME]! <br /><br />\n<br /><br />\nVous pouvez modifier votre annonce ici [URL.QL].<br /><br />\n<br /><br />\nVotre annonce est en attente de publication, elle doit encore être validée par l\'administrateur. Nous allons l\'examiner dès que possible. <br /><br />\n<br /><br />\nNous sommes désolés pour le délai et la gène occasionnée. Merci de votre compréhension.<br /><br />\n<br /><br />\nCordialement!','arivu.sacs@gmail.com','2016-02-11 22:41:17','email',1),(156,'fr_FR',0,'[EMAIL.SENDER] souhaite vous contacter!','contact-admin','Bonjour Administrateur,<br /><br />\n<br /><br />\n[EMAIL.SENDER]: [EMAIL.FROM], a un message pour vous:<br /><br />\n<br /><br />\n[EMAIL.BODY] <br /><br />\n<br /><br />\nCordialement!','arivu.sacs@gmail.com','2016-02-11 22:41:17','email',1),(157,'fr_FR',0,'Votre annonce sur [SITE.NAME] a été activée!','ads-activated','Bonjour [USER.OWNER],<br /><br />\n<br /><br />\nNous vous informons que votre annonce [URL.QL] a été activée!<br /><br />\nElle est désormais visible de tous sur le site. <br /><br />\n<br /><br />\nEn espérant ne pas vous avoir fait trop attendre. <br /><br />\n<br /><br />\nCordialement!','arivu.sacs@gmail.com','2016-02-11 22:41:17','email',1),(158,'fr_FR',0,'Bonjour [USER.NAME]!','user-new','Bienvenue sur [SITE.NAME]. <br /><br />\n<br /><br />\nNous sommes ravis de votre participation,<br /><br />\nVous pouvez vous connecter avec votre email: [USER.EMAIL], <br /><br />\net votre mot de passe: [USER.PWD]. <br /><br />\n<br /><br />\nLe mot de passe a été généré automatiquement; pour le remplacer par votre mot de passe préféré, cliquez sur ce lien: [URL.PWCH]. <br /><br />\n<br /><br />\nMerci de votre confiance! <br /><br />\n<br /><br />\nCordialement!','arivu.sacs@gmail.com','2016-02-11 22:41:17','email',1),(159,'fr_FR',0,'Bonjour [USER.NAME]!','user-contact','Vous avez été contacté au sujet de votre annonce. <br /><br />\nL\'utilisateur [EMAIL.SENDER] [EMAIL.FROM] vous a envoyé le message suivant:<br /><br />\n[EMAIL.BODY]. <br /><br />\n<br /><br />\nCordialement!','arivu.sacs@gmail.com','2016-02-11 22:41:17','email',1),(160,'fr_FR',0,'Changement de mot de passe [SITE.NAME]','auth-remember','Bonjour [USER.NAME],<br /><br />\n<br /><br />\nVeuillez suivre ce lien [URL.QL]<br /><br />\n<br /><br />\nMerci!!','arivu.sacs@gmail.com','2016-02-11 22:41:17','email',1),(161,'fr_FR',0,'Bienvenue sur [SITE.NAME]!','auth-register','Bienvenue [USER.NAME],<br /><br />\n<br /><br />\nNous sommes ravis de votre participation! [URL.QL]<br /><br />\nVoici pour rappel vos informations de connexion:<br /><br />\nEmail: [USER.EMAIL]<br /><br />\nMot de passe: [USER.PWD]<br /><br />\n<br /><br />\nPour des raisons de sécurité, nous ne gardons pas votre mot de passe original.<br /><br />\n<br /><br />\nCordialement!','arivu.sacs@gmail.com','2016-02-11 22:41:17','email',1),(162,'fr_FR',0,'Bonjour [USER.NAME]!','user-profile-contact','L\'utilisateur [Email.SENDER] [EMAIL.From] a un message pour vous: [EMAIL.SUBJECT] [EMAIL.BODY]. Cordialement,','arivu.sacs@gmail.com','2016-02-11 22:41:17','email',1),(163,'fr_FR',0,'L\'annonce `[AD.NAME]` a été créée sur [SITE.NAME]!','ads-user-check','Bonjour [USER.NAME], l\'annonce a été créée avec votre compte [USER.NAME]! Vous pouvez visiter ce lien pour Cliquez ici pour accéder à votre annonce: [URL.AD] Si vous n\'êtes pas l\'auteur de cette annonce, cliquez sur le lien pour nous contacter: [URL.CONTACT].','arivu.sacs@gmail.com','2016-02-11 22:41:17','email',1),(164,'fr_FR',0,'L\'annonce `[AD.TITLE]` vient d\'être publiée sur [SITE.NAME]!','ads-subscribers','Bonjour, Vous êtes peut être intéressé(e) par cette nouvelle annonce! Cliquez sur ce lien pour Cliquez ici pour accéder à votre annonce: [URL.AD]','arivu.sacs@gmail.com','2016-02-11 22:41:17','email',1),(165,'fr_FR',0,'L\'annonce `[AD.TITLE]` vient d\'être créée sur [SITE.NAME]!','ads-to-admin','Cliquez ici pour voir l\'annnonce [URL.AD]','arivu.sacs@gmail.com','2016-02-11 22:41:17','email',1),(166,'fr_FR',0,'L\'annonce `[AD.TITLE]` a été vendue sur [SITE.NAME]!','ads-sold','Numéro de commande: [ORDER.ID] ID de produit: [PRODUCT.ID] Veuillez svp vérifier votre compte pour le paiement entrant. Cliquez ici pour accéder à votre annonce: [URL.AD]','arivu.sacs@gmail.com','2016-02-11 22:41:17','email',1),(167,'fr_FR',0,'L\'annonce `[AD.TITLE]` est en rupture de stock sur [SITE.NAME]!','out-of-stock','Bonjour [USER.NAME]. Comme votre annonce est en rupture de stock, il n\'est pas posible pour les visiteurs du site de la voir. Si vous souhaitez augmenter sa disponibilité et ainsi activer votre annonce, veuillez svp cliquer sur le lien suivant: [URL.EDIT]. Cordialement!','arivu.sacs@gmail.com','2016-02-11 22:41:17','email',1),(168,'fr_FR',0,'Reçu pour votre commande [ORDER.DESC] # [ORDER.ID]','new-order','Bonjour [USER.NAME], Merci pour votre commande [ORDER.DESC]. Veuillez svp régler votre commande et procéder à son paiement ici: [URL.CHECKOUT]','arivu.sacs@gmail.com','2016-02-11 22:41:17','email',1),(169,'fr_FR',0,'Votre annonce [AD.NAME] a expiré','ad-expired','Bonjour [USER.NAME], Votre annonce [AD.NAME] a expiré. Veuillez svp vérifier votre annonce ici: [URL.EDITAD]','arivu.sacs@gmail.com','2016-02-11 22:41:17','email',1),(170,'fr_FR',0,'L\'annonce `[AD.TITLE]` a été achetée sur [SITE.NAME]!','ads-purchased','Numéro de commande: [ORDER.ID] ID du produit: [PRODUCT.ID] Pour toute question ou demande veuillez svp contacter l\'administrateur du site [SITE.NAME] Cliquez ici pour accéder à votre annonce: [URL.AD]','arivu.sacs@gmail.com','2016-02-11 22:41:17','email',1),(171,'fr_FR',0,'Mot de passe modifié [SITE.NAME]','password-changed','Bonjour [USER.NAME], Votre mot de passe a été changé. Voici vos nouvelles informations de connexion: Email: [USER.EMAIL] Mot de passe: [USER.PWD] . Pour des raisons de sécurité, nous ne gardons pas votre mot de passe original. Cordialement!','arivu.sacs@gmail.com','2016-02-11 22:41:17','email',1),(172,'fr_FR',0,'Votre annonce [AD.NAME] va expirer','ad-to-expire','Bonjour [USER.NAME], Votre annonce [AD.NAME] va bientôt expirer. Veuillez svp vérifier votre annonce en cliquant sur ce lien: [URL.EDITAD]','arivu.sacs@gmail.com','2016-02-11 22:41:17','email',1),(173,'fr_FR',0,'Nouvelle réponse: [TITRE]','messaging-reply','[URL.QL]\r\n\r\n[DESCRIPTION]','arivu.sacs@gmail.com','2016-02-11 22:41:17','email',1),(174,'fr_FR',0,'[FROM.NAME] vous a envoyé un message direct','messaging-user-contact','Bonjour [TO.NAME], [FROM.NAME] a un message pour vous: [description] [URL.QL] Cordialement!','arivu.sacs@gmail.com','2016-02-11 22:41:17','email',1),(175,'fr_FR',0,'Nouveau commentaire sur votre annonce [AD.TITLE] [RATE]','ad-review','Bonjour, une nouveau commentaire et une appréciation ont été publiés pour votre annonce. [URL.QL]\r\n\r\n[RATE]\r\n\r\n[DESCRIPTION]','arivu.sacs@gmail.com','2016-02-11 22:41:17','email',1),(176,'fr_FR',0,'Bonjour [TO.NAME]!','messaging-ad-contact','Vous avez été contacté au sujet de votre annonce: `[AD.NAME]`. L\'utilisateur [FROM.NAME] a un message pour vous: [DESCRIPTION] [URL.QL] Cordialement!','arivu.sacs@gmail.com','2016-02-11 22:41:17','email',1),(177,'en_US',0,'Change Password [SITE.NAME]','auth-remember','Hello [USER.NAME],\n\nFollow this link  [URL.QL]\n\nThanks!!','arivu.sacs@gmail.com','2016-02-11 22:41:17','email',1),(178,'en_US',0,'Welcome to [SITE.NAME]!','auth-register','Welcome [USER.NAME],\n\nWe are really happy that you have joined us! [URL.QL]\n\nRemember your user details:\nEmail: [USER.EMAIL]\nPassword: [USER.PWD]\n\nWe do not have your original password anymore.\n\nRegards!','arivu.sacs@gmail.com','2016-02-11 22:41:17','email',1),(179,'en_US',0,'Hello [USER.NAME]!','user-contact','You have been contacted regarding your advertisement: \n\n`[AD.NAME]`. \n\n User [EMAIL.SENDER] [EMAIL.FROM], have a message for you: \n\n[EMAIL.BODY]. \n\nYou can check your advertisement by following this link [URL.AD]\n\n Regards!','arivu.sacs@gmail.com','2016-02-11 22:41:17','email',1),(180,'en_US',0,'Hello [USER.NAME]!','user-profile-contact','User [EMAIL.SENDER] [EMAIL.FROM], have a message for you: \n\n[EMAIL.SUBJECT] \n\n[EMAIL.BODY]. \n\n Regards!','arivu.sacs@gmail.com','2016-02-11 22:41:17','email',1),(181,'en_US',0,'[EMAIL.SENDER] wants to contact you!','contact-admin','Hello Admin,\n\n [EMAIL.SENDER]: [EMAIL.FROM], have a message for you:\n\n [EMAIL.BODY] \n\n Regards!','arivu.sacs@gmail.com','2016-02-11 22:41:17','email',1),(182,'en_US',0,'Your advertisement `[AD.NAME]` at [SITE.NAME], has been activated!','ads-activated','Hello [USER.OWNER],\n\n We want to inform you that your advertisement [URL.QL] has been activated!\n\n Now it can be seen by others. \n\n We hope we did not make you wait for long. \n\nRegards!','arivu.sacs@gmail.com','2016-02-11 22:41:17','email',1),(183,'en_US',0,'Success! Your advertisement `[AD.NAME]` is created on [SITE.NAME]!','ads-notify','Hello [USER.NAME],\n\nThank you for creating an advertisement at [SITE.NAME]! \n\nYou can edit your advertisement here [URL.QL].\n\n Your ad is still not published, it needs to be validated by an administrator. \n\n We are sorry for any inconvenience. We will review it as soon as possible. \n\nRegards!','arivu.sacs@gmail.com','2016-02-11 22:41:17','email',1),(184,'en_US',0,'Advertisement `[AD.NAME]` is created on [SITE.NAME]!','ads-user-check','Hello [USER.NAME],\n\n Advertisement is created under your account [USER.NAME]! You can visit this link to see advertisement [URL.AD]\n\n If you are not responsible for creating this advertisement, click a link to contact us [URL.CONTACT].\n\n','arivu.sacs@gmail.com','2016-02-11 22:41:17','email',1),(185,'en_US',0,'Advertisement `[AD.TITLE]` is created on [SITE.NAME]!','ads-subscribers','Hello,\n\n You may be interested in this one!\n\nYou can visit this link to see advertisement [URL.AD]\n\n','arivu.sacs@gmail.com','2016-02-11 22:41:17','email',1),(186,'en_US',0,'Advertisement `[AD.TITLE]` is created on [SITE.NAME]!','ads-to-admin','Click here to visit [URL.AD]','arivu.sacs@gmail.com','2016-02-11 22:41:17','email',1),(187,'en_US',0,'Advertisement `[AD.TITLE]` is sold on [SITE.NAME]!','ads-sold','Order ID: [ORDER.ID]\n\nProduct ID: [PRODUCT.ID]\n\nPlease check your account for the incoming payment.\n\nClick here to visit [URL.AD]','arivu.sacs@gmail.com','2016-02-11 22:41:17','email',1),(188,'en_US',0,'Advertisement `[AD.TITLE]` is out of stock on [SITE.NAME]!','out-of-stock','Hello [USER.NAME],\n\nWhile your ad is out of stock, it is unavailable for others to see. If you wish to increase stock and activate, please follow this link [URL.EDIT].\n\nRegards!','arivu.sacs@gmail.com','2016-02-11 22:41:17','email',1),(189,'en_US',0,'Advertisement `[AD.TITLE]` is purchased on [SITE.NAME]!','ads-purchased','Order ID: [ORDER.ID]\n\nProduct ID: [PRODUCT.ID]\n\nFor any inconvenience please contact administrator of [SITE.NAME]\n\nClick here to visit [URL.AD]','arivu.sacs@gmail.com','2016-02-11 22:41:17','email',1),(190,'en_US',0,'Receipt for [ORDER.DESC] #[ORDER.ID]','new-order','Hello [USER.NAME],Thanks for buying [ORDER.DESC].\n\nPlease complete the payment here [URL.CHECKOUT]','arivu.sacs@gmail.com','2016-02-11 22:41:17','email',1),(191,'en_US',0,'Success! Your advertisement `[AD.NAME]` is created on [SITE.NAME]!','ads-confirm','Welcome [USER.NAME],\n\nThank you for creating an advertisement at [SITE.NAME]! \n\nPlease click on this link [URL.QL] to confirm it.\n\nRegards!','arivu.sacs@gmail.com','2016-02-11 22:41:17','email',1),(192,'en_US',0,'Your ad [AD.NAME] has expired','ad-expired','Hello [USER.NAME],Your ad [AD.NAME] has expired \n\nPlease check your ad here [URL.EDITAD]','arivu.sacs@gmail.com','2016-02-11 22:41:17','email',1),(193,'en_US',0,'Your ad [AD.NAME] is going to expire','ad-to-expire','Hello [USER.NAME],Your ad [AD.NAME] will expire soon \n\nPlease check your ad here [URL.EDITAD]','arivu.sacs@gmail.com','2016-02-11 22:41:17','email',1),(194,'en_US',0,'Password Changed [SITE.NAME]','password-changed','Hello [USER.NAME],\n\nYour password has been changed.\n\nThese are now your user details:\nEmail: [USER.EMAIL]\nPassword: [USER.PWD]\n\nWe do not have your original password anymore.\n\nRegards!','arivu.sacs@gmail.com','2016-02-11 22:41:17','email',1),(195,'en_US',0,'New reply: [TITLE]','messaging-reply','[URL.QL]\n\n[DESCRIPTION]','arivu.sacs@gmail.com','2016-02-11 22:41:17','email',1),(196,'en_US',0,'[FROM.NAME] sent you a direct message','messaging-user-contact','Hello [TO.NAME],\n\n[FROM.NAME] have a message for you:\n\n[DESCRIPTION]\n\n[URL.QL]\n\nRegards!','arivu.sacs@gmail.com','2016-02-11 22:41:17','email',1),(197,'en_US',0,'Hello [TO.NAME]!','messaging-ad-contact','You have been contacted regarding your advertisement:\n\n`[AD.NAME]`.\n\nUser [FROM.NAME], have a message for you:\n\n[DESCRIPTION]\n\n[URL.QL]\n\nRegards!','arivu.sacs@gmail.com','2016-02-11 22:41:17','email',1),(198,'en_US',0,'New review for [AD.TITLE] [RATE]','ad-review','[URL.QL]\n\n[RATE]\n\n[DESCRIPTION]','arivu.sacs@gmail.com','2016-02-11 22:41:17','email',1),(199,'en_US',0,'About Us','about-us','<p>The way we advertise or discover what we want as people has evolved over the years, we have gradually moved away from the old methods of advertising on the back pages of physical newspapers/magazines, radio and television onto the use of digital platforms as we are now officially in the Internet age, where nearly all business transactions are conducted online. This has resulted in the emergence of numerous poorly managed classified ads websites that can barely provide their users with the great experience they desire.</p><p>Established in 2016, by Ernest Osaseri a web security specialist / entrepreneur, Plannetads.com is a website (\"The Site\") that hosts classified advertising and related content created and developed by third-party users within the UK. This site offers a free, high quality, reliable and efficient advertisement platform to all users with the outmost confidentiality and customer service.</p><p>Our vision is to facilitate smooth dealings between our users as we remain focused on our mission to create a safe atmosphere and a better market place for everyone. And not forgetting to mention our ultimate aim of providing a fair, responsive, secure and user friendly platform for both sellers and buyers alike. We sort to maintain a lasting relationship with you and gain your trust by creating successful trade connections between individuals just like you as people of one community. All of the above is what makes us (<a href=\"index.html\">Plannetads.com</a>) \"The Site\" to go to when it comes to classified ads.</p>',NULL,'2016-02-15 12:05:58','page',1),(200,'en_US',0,'Privacy Policy','privacy-policy','<p>plannetads.com respect your privacy. Here is our Privacy Policy for this Site:</p><h4 class=\"uk-text-bold\">Acceptance of Privacy Policy</h4> <p>Each time you access, use, post, submit a post or reply, or browse the Site, you signify your acceptance of the then-current Privacy Policy. If you do not accept this Privacy Policy, you are not authorized to use the Site and must discontinue use of the Site immediately.</p><h4 class=\"uk-text-bold\"> Collection and Use of Personal Information </h4> <p> We collect personal information about you whenever you engage in commerce transactions on the Site, use the Site’s products or services, request information or materials, create or update account information, place orders or make purchases, communicate with us, or visit the Site. The personal information we collect and store about you may include without limitation your first and last name, email address, credit or debit card number, telephone numbers, billing and other non-public information about you. </p><p>We may use the information we collect to:</p><ul> <li>Provide superior services;</li><li>Keep you apprised of information and developments that you may find of interest;</li><li>Alert you to new features, terms, content, products or services;</li><li>Contact you regarding your posts, replies, and/or account information;</li><li>Process and respond to your inquires;</li></ul> <h4 class=\"uk-text-bold\"> Disclosure of Personal Information to Third Parties </h4> <p> We may disclose your personal information to agents and operators under confidentiality or similar agreements, including shippers, vendors, payment processors, and advertisers, who we believe reasonably need to come into contact with that information: (i) to provide products or services to you; (ii) to administer our business or the Site, including fulfilling and shipping orders; (iii) to provide customer service; (iv) to update account information; (v) to forward updates, announcements, and newsletters; (vi) to respond to your communications, and communicate with you about the Site and other activities related to the Site; (vii) in the event of any reorganization, merger, sale, joint venture, assignment, transfer or disposition of all or any portion of the Site’s business or operations (including without limitation in connection with bankruptcy or any similar proceedings); or (viii) as otherwise authorized by you. </p>',NULL,'2016-02-15 15:16:48','page',1),(201,'en_US',0,'Terms of Service','terms-of-service','<h4 class=\"uk-text-bold\">Objectives:</h4> <p>Plannetads.com is a web site (the \"Site\") that hosts classified advertising and related content created and developed by third-party users. Your use of the Site, including all access, services and/or features, is governed by these Terms of Use and the Privacy Policy (collectively, \"Terms\"), and you should review both carefully. By using the Site in any way, you are agreeing to comply with these Terms.</p><p> The Site reserves the right to change the Terms at any time and for any reason. Updated versions of the Terms will be posted to the Site at plannetads.com and you should visit this page periodically to keep apprised of any changes. By continuing to use the Site after any such change, you accept and agree to the modified Terms. The Site reserves the right to modify or discontinue, temporarily or permanently, the Site, any site features, benefits (including without limitation blocking or terminating your Account), rules or conditions, all without notice, even though such changes may affect the way you use the Site. You agree that the Site will not be liable to you or any third-party for any modification or discontinuance of the Site. </p><h4 class=\"uk-text-bold\">User Conduct:</h4> <p>Without limitation, you agree to refrain from the following actions while using the Site:</p><ol> <li> <p> Harassing, threatening, embarrassing or causing distress or discomfort upon another individual or entity or impersonating any other person or entity or otherwise restricting or inhibiting any other person from using or enjoying the Site;</p></li><li> <p>Transmitting any information, data, text, files, links, software, chats, communication or other materials that is unlawful, false, misleading, harmful, threatening, abusive, invasive of another\'s privacy, harassing, defamatory, vulgar, obscene, hateful or racially or otherwise objectionable, including without limitation material of any kind or nature that encourages conduct that could constitute a criminal offense, give rise to civil liability or otherwise violate any applicable local, state, provincial, national, or international law or regulation, or encourage the use of controlled substances;</p></li><li> <p> Posting advertising or solicitation in categories that is not appropriate, or posting the same item or service in more than one category or more than once every 7 days, or posting the same ad in multiple cities on the Site;</p><ul> <li><p>(a) Posting adult content or explicit adult material unless: (i) such material is specifically permitted in designated adult categories and permitted under applicable federal, state, and local law; and (ii) you are at least 18 years of age or older and not considered to be a minor in your state of residence;</p></li><li><p>(b) Posting, anywhere on the Site, obscene or lewd and lascivious graphics or photographs which depict genitalia or actual or simulated sexual acts, as determined in the sole discretion of plannetads.com;</p></li></ul> </li></ol>',NULL,'2016-02-15 15:18:12','page',1),(202,'en_US',0,'FAQ','faq','<div class=\"uk-accordion faq\" data-uk-accordion=\"{collapse: false}\"><div class=\"accordion-wrapper\"><h3 class=\"uk-accordion-title uk-text-small\"><div class=\"\" data-uk-toggle=\"{target:\'.uk-icon1\'}\"><i class=\"uk-icon1 uk-icon-caret-down\"></i><i class=\"uk-icon1 uk-icon-caret-right uk-hidden\"></i> How to create a good ad? </div></h3><div class=\"uk-accordion-content uk-margin-left\"> A good Ad attracts buyers for you. It is crisp &amp; complete!\r\n\r\n		Ads lacking details may lead to unwanted calls/chats or get no response at all.\r\n\r\n		Place such an advertisement where users would like to respond without emotional content and vulgarity.\r\n\r\n		Clear Title: Explain the item or service offered in 70 characters or less.\r\n\r\n		Appropriate category: Choose a suitable category for the item or service you are offering. System, will change it automatically if found not appropriate.\r\n\r\n		Correct Price: Research the price first! It should correspond to the market pricing and reflect the actual product condition. You can also check plannetads for similar items.\r\n\r\n		Detailed description: This is the story of your items or service. Provide all relevant details:-\r\n\r\n		How long has it been used? What condition is it in?\r\n\r\n		Are there any additional accessories included?\r\n\r\n		What areas do you offer services in?\r\n\r\n		The condition, make and design, quality, purchase date, missing pieces, color, ownership and similar details can be added here.\r\n\r\n		Usually, about 2-3 sentences of quality information will be enough.\r\n\r\n		Clear Photos: Ads with photos significantly attract users. Atleast, include 2 pictures with clear images &amp; not containing links to other sites.</div></div><div class=\"accordion-wrapper\"><h3 class=\"uk-accordion-title uk-text-small\"><div class=\"\" data-uk-toggle=\"{target:\'.uk-icon1\'}\"><i class=\"uk-icon1 uk-icon-caret-down\"></i><i class=\"uk-icon1 uk-icon-caret-right uk-hidden\"></i> Tips for buyers and sellers</div></h3><div class=\"uk-accordion-content uk-margin-left\">  Some good practices which allow for effective and safe use of plannetads\r\n\r\nSeller\r\n\r\n    Add good quality photos and accurately describe the item you are selling.\r\n    Price your item attractively. You are likely to get more people interested in your item and service with a fair price.\r\n    Be polite in your dealings with interested buyers.\r\n    Never ask for advance payments. Buyers like to see the actual item &amp; then pay.\r\n    Always meet in person - you earn the trust of buyers.\r\n\r\nBuyer\r\n\r\n    Use proper search and filters to find exactly what you are looking for.\r\n    Agree on exact details (price, location etc.) of the transaction with the seller, ask for additional photos if necessary.\r\n    Respect each other\'s time, be polite in your dealings and transactions.\r\n    Make transactions in person, please do not transfer money in advance.\r\n    Be alert in recognizing spam and fraud ads. Do not entertain such parties for the sake your own safety.\r\n</div></div><div class=\"accordion-wrapper\"><h3 class=\"uk-accordion-title uk-text-small\"><div class=\"\" data-uk-toggle=\"{target:\'.uk-icon1\'}\"><i class=\"uk-icon1 uk-icon-caret-down\"></i><i class=\"uk-icon1 uk-icon-caret-right uk-hidden\"></i> Report an Ad</div></h3><div class=\"uk-accordion-content uk-margin-left\">Reporting an erroneous ad is very easy!\r\n\r\nInside of each ad, you will find the option to report that ad below the seller\'s details. You can find this option at the end of each ad.\r\n\r\nA pop pup will show, once you click on \"Report\", with the following options. To report the ad, please select the reason of the report and send.\r\n\r\nAction will be taken against these ads.</div></div><div class=\"accordion-wrapper\"><h3 class=\"uk-accordion-title uk-text-small\"><div class=\"\" data-uk-toggle=\"{target:\'.uk-icon1\'}\"><i class=\"uk-icon1 uk-icon-caret-down\"></i><i class=\"uk-icon1 uk-icon-caret-right uk-hidden\"></i> I cannot access \"My Account\" section</div></h3><div class=\"uk-accordion-content uk-margin-left\">This could be because the account was either suspended or blocked due to a breach of rules and/or terms of use.\r\n\r\nIn case, the above reason doesn’t hold true please follow the steps below to access your account:\r\n\r\nGo to the plannedads homepage\r\n\r\nClick on Forgot Password\r\n\r\nClick on change password link on the activation e-mail\r\n\r\nChange the Password\r\n\r\nYou should be now able to access \"My Account\". In case you are still facing problem accessing your account, please contact us and we will be more than happy to assist you.</div></div><div class=\"accordion-wrapper\"><h3 class=\"uk-accordion-title uk-text-small\"><div class=\"\" data-uk-toggle=\"{target:\'.uk-icon1\'}\"><i class=\"uk-icon1 uk-icon-caret-down\"></i><i class=\"uk-icon1 uk-icon-caret-right uk-hidden\"></i> How to delete my Ad?</div></h3><div class=\"uk-accordion-content uk-margin-left\">My Account option (Only Registered users):-\r\n\r\nLog in to \"My Account\" on plannetads.\r\n\r\nGo to the \"My ads\" under the user dashboard.\r\n\r\nSelect the ad, you want to delete and click \"Deactivate Ad\" below ad title. Such ads become \'Inactive\'.</div></div><div class=\"accordion-wrapper\"><h3 class=\"uk-accordion-title uk-text-small\"><div class=\"\" data-uk-toggle=\"{target:\'.uk-icon1\'}\"><i class=\"uk-icon1 uk-icon-caret-down\"></i><i class=\"uk-icon1 uk-icon-caret-right uk-hidden\"></i> I forgot my account password</div></h3><div class=\"uk-accordion-content uk-margin-left\">Forgot password required to log-in to Plannetads? Follow the instructions below to reset your password: -\r\n\r\nStep 1 - Fill Forgot password form. You can also reset your password while attempting to log-in by clicking on the \'Forgot Password?\' link just below \'Log in\' button.\r\n\r\nStep 2 - Receive email with a link.\r\n\r\nStep 3 - Click on the link to activate the new password.\r\n\r\nYour password with the registered email has been reset.</div></div><div class=\"accordion-wrapper\"><h3 class=\"uk-accordion-title uk-text-small\"><div class=\"\" data-uk-toggle=\"{target:\'.uk-icon1\'}\"><i class=\"uk-icon1 uk-icon-caret-down\"></i><i class=\"uk-icon1 uk-icon-caret-right uk-hidden\"></i> How to edit my contact information?</div></h3><div class=\"uk-accordion-content uk-margin-left\">Simple! Follow the steps given below:\r\n\r\n    Login to My Account on Plannetads\r\n    Click the Settings tab\r\n    Click \'Change contact details\' to change name or password\r\n    Finally save it.\r\n</div></div><div class=\"accordion-wrapper\"><h3 class=\"uk-accordion-title uk-text-small\"><div class=\"\" data-uk-toggle=\"{target:\'.uk-icon1\'}\"><i class=\"uk-icon1 uk-icon-caret-down\"></i><i class=\"uk-icon1 uk-icon-caret-right uk-hidden\"></i> How do I find an Ad for a specific item or service on plannetads?</div></h3><div class=\"uk-accordion-content uk-margin-left\">1. Keyword Search\r\n\r\nTo find an Ad for a specific item or service on plannetads, you need to enter the relevant / exact keyword and the search feature on the site will display results matching your search terms.\r\n\r\nUsers can enter keywords in the Keyword search text box as shown below.\r\n\r\n2. Search by Category/Sub category Or city wise\r\n\r\nYou can even search for items within a specific category or City. All you need to do is select the relevant category or City that matches your search term from the drop down option besides the search box.\r\n\r\nWe have also introduced an autocomplete feature to facilitate easy search.</div></div><div class=\"accordion-wrapper\"><h3 class=\"uk-accordion-title uk-text-small\"><div class=\"\" data-uk-toggle=\"{target:\'.uk-icon1\'}\"><i class=\"uk-icon1 uk-icon-caret-down\"></i><i class=\"uk-icon1 uk-icon-caret-right uk-hidden\"></i> How to create a good ad?</div></h3><div class=\"uk-accordion-content uk-margin-left\">A good Ad attracts buyers for you. It is crisp &amp; complete!</div></div><div class=\"accordion-wrapper\"><h3 class=\"uk-accordion-title uk-text-small\"><div class=\"\" data-uk-toggle=\"{target:\'.uk-icon1\'}\"><i class=\"uk-icon1 uk-icon-caret-down\"></i><i class=\"uk-icon1 uk-icon-caret-right uk-hidden\"></i> Safety Tips</div></h3><div class=\"uk-accordion-content uk-margin-left\">Here are several safety guidelines to help make sure that your usage of plannetads is safe.\r\n\r\nWhile community members who use plannetads have success with buying, selling, renting or connecting with others. It is important we help keep our community members safe from people attempting to scam or defraud them. We have found that one of the best ways to address this problem is to ensure that all transactions take place locally and in-person.\r\n\r\nWe request you to take the following precautions:\r\n\r\n- When buying or selling, you should meet in-person to see the product. Learn as much as you can about who you are meeting or trading with before you complete the transaction.\r\n\r\n- Never send or wire money to sellers or buyers. This includes never mailing a cheque or using wire payment  services to pay for items found on plannetads.\r\n\r\n- Be wary of Users with no reliable contact information, who respond slowly or not at all\r\n\r\n- plannetads does not offer any sort of buyer protection. Any emails or websites that talk about such systems are scams, even if they have the plannetads logo. If you receive any emails promoting these services, please forward the message to us.\r\n\r\n- Never provide your personal or banking information (e.g. credit card number) to others over the Internet. Never give out your plannetads password, even if asked to do so in an email supposedly sent by plannetads.\r\n\r\n- Protect personal information, e.g. do not share your home address unless you know the other person and want them to visit you.\r\n\r\n- Know the site Terms of Use and Prohibited Item Policy\r\n\r\n- Make yourself aware of common scams and fraud. Do not believe the promise of large sums of money for your help in any task.\r\n\r\n- Inform plannetads of any attempted fraud or suspicious emails, Ads, or other activity by community members. In case of fraud, report it to the local authorities and inform us.\r\n\r\n- Use common sense. If something sounds too good to be true, it probably is not.</div></div></div>          ',NULL,'2016-03-04 05:10:59','page',1),(203,'en_US',0,'Help','help','<p><strong>Registration and Sign-in</strong></p><p>How do I register on Plannetads?</p><p>Registering on plannetads is now a very simple process. It takes only 1 minutes to register and post your Ads</p><p>Step 1</p><p>Click “Sign up” icon.</p><p>Step 2</p><p>Please enter the following correctly</p><p>- Name</p><p>- Valid Email Address</p><p>- Password</p><p>Please enter your valid mail address to</p><p>- Get Id &amp; Password in mailbox</p><p>- Post Ads</p><p>- Get replies to Ads</p><p>- Get alerts and special offers</p><p>&nbsp;</p><p><img src=\"http://projects.esconite.com/plannetads_dev/assets/help_images/1.png\"></p><p>&nbsp;</p><p>You will receive a confirmation email to complete your registration. Do check&nbsp;your&nbsp;SPAM e-mail to ensure&nbsp;you receive it.</p><p>Do I need to register to post Ads?</p><p>Yes, you need to be a registered user to Post Ad on the site.</p><p>What are the benefits of registering on plannetads?</p><p>Registration allows to you to</p><p>- Post free ads and Premium ads</p><p>- Get your own User ID</p><p>- Edit, delete, repost and check replies to your Ads</p><p>What is My plannetads?</p><p>\"My plannetads\" is your personal user account where you can</p><p>- View and manage your Ads</p><p>- Modify/ edit/ delete your Ads</p><p>- Check replies to your Ads</p><p>- Repost your Ads after they expire</p><p>- Update your plannetads profile</p><p>&nbsp;</p><p><img src=\"http://projects.esconite.com/plannetads_dev/assets/help_images/2.png\"></p><p>&nbsp;</p><p><strong>Post An Ad:</strong></p><p>Why should I Sign In on plannetads?</p><p>Sign in allows you to access your account and your Ads posted on the site.</p><p>Step 1</p><p>Click the “Sign-In” link on the top right corner of the site.</p><p><img src=\"http://projects.esconite.com/plannetads_dev/assets/help_images/3.png\"></p><p>Step 2</p><p>&nbsp;If you have a plannetads account, enter your registered email address and password to sign into your account.</p><p><img src=\"http://projects.esconite.com/plannetads_dev/assets/help_images/4.png\"></p><p>How do I create / change my password?</p><p>To ensure the security of your password, password should be in length above 5 characters. Please don’t use your birthday or simple numbers like 123456 or abcdef as password. Please change your password after a certain period. You can change your password in</p><p>My plannetads -&gt; Settings -&gt; Change Password.</p><p>I have forgot my password. How do I get a new one?</p><p>You can reclaim your password if you have forgotten it.</p><p>Step1</p><p>Click “Forgot your password?” link and it will display a page to “Create a new Password”.</p><p><img src=\"http://projects.esconite.com/plannetads_dev/assets/help_images/5.png\"></p><p>Step 2</p><p>Fill in your registration email address to get the password, and click the “Reset my password” button.</p><p><img src=\"http://projects.esconite.com/plannetads_dev/assets/help_images/6.png\"></p><p>Step 3</p><p>Success message is displayed for sending the email.</p><p><img src=\"http://projects.esconite.com/plannetads_dev/assets/help_images/7.png\"></p><p>Step 4</p><p>In the email you receive, click on the “Change Password” link to set your new password. After which, you can sign in and change your password in “plannetads”.</p><p>What if I try to register with an email address that is already registered on plannetads?</p><p>You cannot register twice on the site with the same email address.</p><p>Also the email id and username once registered cannot be changed.</p><p>&nbsp;How do I Post Ads?</p><p>Posting an ad on plannetads is very easy and takes not more than 30 seconds. Simply follow the steps below to understand the Post Ad flow better.</p><p>Step 1</p><p>Click on the \"Post an Ad\" link in the header on all plannetads pages.</p><p><img src=\"http://projects.esconite.com/plannetads_dev/assets/help_images/8.png\"></p><p>Step 2</p><p>Select a categories to post</p><p>Choose the right category as given below to match the product or service you wish to sell or promote. For eg. If you are selling a car, then you should post your Ad in the category Vehicles and Sub category cars.</p><p><img src=\"http://projects.esconite.com/plannetads_dev/assets/help_images/9.png\"></p><p>Step 3</p><p>In this step user can fill the ad details by providing the Title, Description, Selling price, Location etc. For E.g. We have attached the screenshot for your reference. After the information, user need to save the details.</p><p><img src=\"http://projects.esconite.com/plannetads_dev/assets/help_images/10.png\"></p><p>Step 4</p><p>Here user can preview their ad. Please view the below screenshot.</p><p><img src=\"http://projects.esconite.com/plannetads_dev/assets/help_images/11.jpg\"></p><p>Step 5</p><p>In this step user can make the ad into premium and it is optional.</p><p><img src=\"http://projects.esconite.com/plannetads_dev/assets/help_images/12.jpg\"></p><p>Step 6</p><p>Click the \"Submit\" button to post an ad.</p><p>Is it mandatory to enter the mobile number while posting an Ad?</p><p>No, mentioning your mobile number is not mandatory. However by entering a valid mobile number you are eligible to receive SMS alerts for your Ad replies. These alerts help you respond faster to potential buyers.</p><p>What are SMS Alerts?</p><p>SMS alerts helps notify the Seller/ Poster of an Ad as soon as he gets a reply. An alert is sent to the Mobile number which you have entered at the time of Posting an Ad / Registration. You will receive SMS alerts for your Ads posted and replies received.</p><p>How much does it cost to post an Ad on plannetads?</p><p>Plannetads is a free and premium ads service. Ad cost is based on service selected by the user and also service category also vary.</p><p>How can I post a Good Ad on plannetads and get better responses?</p><p>To increase the chance of getting a good response, follow these simple tips</p><p>Title - A good title will attract more visitors to your Ad Mention important keywords in title.</p><p>Description - To get people interested, follow these simple tips</p><p>- Make the description as detailed as possible</p><p>- Make it easy for buyers to pick up the item by mentioning the location of the item and when you would be available</p><p>- Add contact information</p><p>Upload Images and video - Include up to 12 pictures to enhance your Ad. The size of all 12 photos together should not exceed 4MB and the formats are jpg,Gif and png.Video maximum length is 30 sec or 2MB.</p><p>Use these tips and other innovative ideas to make your Ad more attractive and increase your chances of getting replies. In addition you can also subscribe to plannetads \"Premium Ad\".</p><p>How do I know if someone is interested or has replied to my Ad?</p><p>- Those interested in your Ad can use the option of \"Contact seller\" on the View Ad page. Fill in the required details like email, name, and message with their contact details and you would receive an email. After you receive the email message, you can choose to respond and give additional information like phone number.</p><p>- Users also have the option to contact you on phone .You can give your contact details only if you wish to do so in the ad description area of the post ad flow. If you put your phone number, the interested parties can directly contact you.</p><p>Search and Browse</p><p>How do I find an Ad for a specific item or service on plannetads?</p><p>1. Keyword Search</p><p>To find an Ad for a specific item or service on plannetads, you need to enter the relevant / exact keyword and the search feature on the site will display results matching your search terms.</p><p>Users can enter keywords in the Keyword search text box as shown below.</p><p><img src=\"http://projects.esconite.com/plannetads_dev/assets/help_images/13.png\"></p><p>How do I reply to an Ad on plannetads?</p><p>You can contact posters by replying to their Ads. Fill in the required details like email, name, and message with your contact details (if you want them to contact you) to the advertiser and click on \"Submit\" button. Your reply will be sent to the poster by email.</p><p><img src=\"http://projects.esconite.com/plannetads_dev/assets/help_images/14.png\"></p><p>How can I report an Ad that I feel is inappropriate?</p><p>On the view Ad page, you can report Ads which you feel are fraudulent or inappropriate for site.</p><p>1. Go to the \"Report\" section on the right side of the view Ad page.</p><p>2. Choose a reporting reason from the pre-defined listed options.</p><p>3. Then click the submit icon.</p><p>5. The plannetads team will action upon the Ad within 24 hrs based on the site policies.</p><p><img src=\"http://projects.esconite.com/plannetads_dev/assets/help_images/15.png\"></p>\r\n',NULL,'2016-03-04 05:05:04','page',1),(204,'en_US',0,'Thanks Page','thanks','<p>Thanks Page Content Here <br></p>',NULL,'2016-03-03 06:55:39','page',1),(205,'en_US',0,'Conatct','contact-us','<h5 class=\"uk-text-bold\">Physical Address:</h5><p>All Correspondence<br>Plannetads<br>95 Maswell Park Road,<br>London,<br>TW3 2DP,<br>United Kingdom.</p><h5 class=\"uk-text-bold\">Email Addresses:</h5><dl class=\"uk-description-list-line\"><dt>Copyrights violation related issues</dt><dd><a href=\"mailto:abuse@plannetads.com\">abuse@plannetads.com</a></dd></dl><dl class=\"uk-description-list-line\"><dt>All help and support related issues</dt><dd><a href=\"mailto:support@plannetads.com\">support@plannetads.com</a></dd></dl><dl class=\"uk-description-list-line\"><dt>All inquiries</dt><dd><a href=\"mailto:info@plannetads.com\">info@plannetads.com</a></dd></dl>',NULL,'2016-03-28 11:40:37','page',1),(206,'fr_FR',0,'About Us','about-us','Description',NULL,'2016-03-31 05:36:00','page',1);

/*Table structure for table `oc2_coupons` */

DROP TABLE IF EXISTS `oc2_coupons`;

CREATE TABLE `oc2_coupons` (
  `id_coupon` int(10) unsigned NOT NULL AUTO_INCREMENT,
  `id_product` int(10) unsigned DEFAULT NULL,
  `name` varchar(145) NOT NULL,
  `notes` varchar(245) DEFAULT NULL,
  `discount_amount` decimal(14,3) NOT NULL DEFAULT '0.000',
  `discount_percentage` decimal(14,3) NOT NULL DEFAULT '0.000',
  `number_coupons` int(10) DEFAULT NULL,
  `valid_date` datetime DEFAULT NULL,
  `created` timestamp NOT NULL DEFAULT CURRENT_TIMESTAMP,
  `status` tinyint(1) NOT NULL DEFAULT '0',
  PRIMARY KEY (`id_coupon`),
  UNIQUE KEY `oc2_coupons_UK_name` (`name`)
) ENGINE=MyISAM DEFAULT CHARSET=utf8;

/*Data for the table `oc2_coupons` */

/*Table structure for table `oc2_crontab` */

DROP TABLE IF EXISTS `oc2_crontab`;

CREATE TABLE `oc2_crontab` (
  `id_crontab` int(10) unsigned NOT NULL AUTO_INCREMENT,
  `name` varchar(50) NOT NULL,
  `period` varchar(50) NOT NULL,
  `callback` varchar(140) NOT NULL,
  `params` varchar(255) DEFAULT NULL,
  `description` varchar(255) DEFAULT NULL,
  `date_created` timestamp NOT NULL DEFAULT CURRENT_TIMESTAMP,
  `date_started` datetime DEFAULT NULL,
  `date_finished` datetime DEFAULT NULL,
  `date_next` datetime DEFAULT NULL,
  `times_executed` bigint(20) DEFAULT '0',
  `output` varchar(50) DEFAULT NULL,
  `running` tinyint(1) NOT NULL DEFAULT '0',
  `active` tinyint(1) NOT NULL DEFAULT '1',
  PRIMARY KEY (`id_crontab`),
  UNIQUE KEY `oc2_crontab_UK_name` (`name`)
) ENGINE=MyISAM AUTO_INCREMENT=8 DEFAULT CHARSET=utf8;

/*Data for the table `oc2_crontab` */

insert  into `oc2_crontab`(`id_crontab`,`name`,`period`,`callback`,`params`,`description`,`date_created`,`date_started`,`date_finished`,`date_next`,`times_executed`,`output`,`running`,`active`) values (1,'Sitemap','0 3 * * *','Sitemap::generate',NULL,'Regenerates the sitemap everyday at 3am','2016-02-11 22:41:17','2016-03-31 04:04:13','2016-03-31 04:04:46','2016-04-01 03:00:00',41,'Memory peak 35.92 MB - Time: 32.96s',0,1),(2,'Clean Cache','0 5 * * *','Core::delete_cache',NULL,'Once day force to flush all the cache.','2016-02-11 22:41:17','2016-03-31 05:24:00','2016-03-31 05:24:00','2016-04-01 05:00:00',41,NULL,0,1),(3,'Optimize DB','0 4 1 * *','Core::optimize_db',NULL,'once a month we optimize the DB','2016-02-11 22:41:17','2016-03-01 04:06:52','2016-03-01 04:06:53','2016-04-01 04:00:00',2,NULL,0,1),(4,'Unpaid Orders','0 7 * * *','Cron_Ad::unpaid',NULL,'Notify unpaid orders 2 days after was created','2016-02-11 22:41:17','2016-03-31 08:51:23','2016-03-31 08:51:23','2016-04-01 07:00:00',42,NULL,0,1),(5,'Expired Featured Ad','0 8 * * *','Cron_Ad::expired_featured',NULL,'Notify by email of expired featured ad','2016-02-11 22:41:17','2016-03-31 08:51:24','2016-03-31 08:51:24','2016-04-01 08:00:00',40,NULL,0,1),(6,'Expired Ad','0 9 * * *','Cron_Ad::expired',NULL,'Notify by email of expired ad','2016-02-11 22:41:17','2016-03-31 09:00:16','2016-03-31 09:00:16','2016-04-01 09:00:00',42,NULL,0,1),(7,'About to Expire Ad','05 9 * * *','Cron_Ad::to_expire',NULL,'Notify by email your ad is about to expire','2016-02-11 22:41:17','2016-03-31 09:13:32','2016-03-31 09:13:32','2016-04-01 09:05:00',42,NULL,0,1);

/*Table structure for table `oc2_favorites` */

DROP TABLE IF EXISTS `oc2_favorites`;

CREATE TABLE `oc2_favorites` (
  `id_favorite` int(10) unsigned NOT NULL AUTO_INCREMENT,
  `id_user` int(10) unsigned NOT NULL,
  `id_ad` int(10) unsigned NOT NULL,
  `created` timestamp NOT NULL DEFAULT CURRENT_TIMESTAMP,
  PRIMARY KEY (`id_favorite`) USING BTREE,
  KEY `oc2_favorites_IK_id_user_AND_id_ad` (`id_user`,`id_ad`)
) ENGINE=MyISAM AUTO_INCREMENT=9 DEFAULT CHARSET=utf8;

/*Data for the table `oc2_favorites` */

insert  into `oc2_favorites`(`id_favorite`,`id_user`,`id_ad`,`created`) values (7,3,10,'2016-02-29 07:57:56');

/*Table structure for table `oc2_forums` */

DROP TABLE IF EXISTS `oc2_forums`;

CREATE TABLE `oc2_forums` (
  `id_forum` int(10) unsigned NOT NULL AUTO_INCREMENT,
  `name` varchar(145) NOT NULL,
  `order` int(2) unsigned NOT NULL DEFAULT '0',
  `created` timestamp NOT NULL DEFAULT CURRENT_TIMESTAMP ON UPDATE CURRENT_TIMESTAMP,
  `id_forum_parent` int(10) unsigned NOT NULL DEFAULT '0',
  `parent_deep` int(2) unsigned NOT NULL DEFAULT '0',
  `seoname` varchar(145) NOT NULL,
  `description` varchar(255) DEFAULT NULL,
  PRIMARY KEY (`id_forum`) USING BTREE,
  UNIQUE KEY `oc2_forums_IK_seo_name` (`seoname`)
) ENGINE=MyISAM DEFAULT CHARSET=utf8;

/*Data for the table `oc2_forums` */

/*Table structure for table `oc2_locations` */

DROP TABLE IF EXISTS `oc2_locations`;

CREATE TABLE `oc2_locations` (
  `id_location` int(10) unsigned NOT NULL AUTO_INCREMENT,
  `name` varchar(64) NOT NULL,
  `order` int(2) unsigned NOT NULL DEFAULT '0',
  `id_location_parent` int(10) unsigned NOT NULL DEFAULT '0',
  `parent_deep` int(2) unsigned NOT NULL DEFAULT '0',
  `seoname` varchar(145) NOT NULL,
  `description` text,
  `last_modified` datetime DEFAULT NULL,
  `has_image` tinyint(1) NOT NULL DEFAULT '0',
  `latitude` float(10,6) DEFAULT NULL,
  `longitude` float(10,6) DEFAULT NULL,
  PRIMARY KEY (`id_location`),
  UNIQUE KEY `oc2_loations_UK_seoname` (`seoname`)
) ENGINE=MyISAM AUTO_INCREMENT=509 DEFAULT CHARSET=utf8;

/*Data for the table `oc2_locations` */

insert  into `oc2_locations`(`id_location`,`name`,`order`,`id_location_parent`,`parent_deep`,`seoname`,`description`,`last_modified`,`has_image`,`latitude`,`longitude`) values (1,'Home location',0,0,0,'all','root location',NULL,0,NULL,NULL),(419,'Antrim',0,418,1,'antrim','Description',NULL,0,54.719536,-6.207250),(421,'Armagh',2,418,1,'armagh','Description',NULL,0,54.350281,-6.652792),(420,'Ards',1,418,1,'ards','Description',NULL,0,54.590271,-5.692787),(418,'Northern Ireland ',4,1,0,'northern-ireland','Description',NULL,0,54.787716,-6.492315),(417,'Yarmaouth',8,408,1,'yarmaouth','Description',NULL,0,41.705627,-70.228668),(415,' Shanklin',6,408,1,'shanklin','Description',NULL,0,50.634674,-1.175199),(416,'Ventnor',7,408,1,'ventnor','Description',NULL,0,50.595486,-1.206100),(413,'Ryde',4,408,1,'ryde','Description',NULL,0,50.729954,-1.163282),(414,'Sandown',5,408,1,'sandown','Description',NULL,0,42.928699,-71.187004),(412,'Newport',3,408,1,'newport','Description',NULL,0,41.490101,-71.312828),(411,'East Cowes',2,408,1,'east-cowes','Description',NULL,0,50.759109,-1.285492),(408,'Isle of Wight ',3,1,0,'isle-of-wight','Description',NULL,0,50.692719,-1.316710),(410,'Cowes',1,408,1,'cowes','Description',NULL,0,50.762787,-1.300533),(409,'Brading',0,408,1,'brading','Description',NULL,0,50.679825,-1.144540),(407,' Ramsey',6,400,1,'ramsey','Description',NULL,0,44.996399,-93.061600),(406,'Port Erin',5,400,1,'port-erin','Description',NULL,0,54.084900,-4.758523),(405,'Peel',4,400,1,'peel','Description',NULL,0,36.432289,-92.768784),(404,'onchan',3,400,1,'onchan','Description',NULL,0,54.175289,-4.455805),(403,'Laxey',2,400,1,'laxey','Description',NULL,0,54.228436,-4.404710),(400,'Isle of man',2,1,0,'isle-of-man','Description',NULL,0,54.236107,-4.548056),(401,'Castletown',0,400,1,'castletown','Description',NULL,0,54.075005,-4.654712),(402,'Douglas',1,400,1,'douglas','Description',NULL,0,31.508806,-82.849869),(399,'York',66,332,1,'york','Description',NULL,0,53.959965,-1.087298),(398,'Worcester',65,332,1,'worcester','Description',NULL,0,42.262592,-71.802292),(396,'Winchester',63,332,1,'winchester','Description',NULL,0,51.059772,-1.310142),(395,'Wells',62,332,1,'wells','Description',NULL,0,47.521713,-99.575188),(394,'Wakefield',61,332,1,'wakefield','Description',NULL,0,53.683296,-1.505924),(393,'Truro',60,332,1,'truro','Description',NULL,0,50.263195,-5.051041),(392,'surrey',59,332,1,'surrey','Description',NULL,0,49.104431,-122.801094),(391,'Sunderland',58,332,1,'sunderland','Description',NULL,0,54.906868,-1.383801),(390,'Suffolk',57,332,1,'suffolk','Description',NULL,0,52.187248,0.970780),(389,'Stoke-on-Trent',56,332,1,'stoke-on-trent','Description',NULL,0,53.002666,-2.179404),(388,'St Albans',55,332,1,'st-albans','Description',NULL,0,51.752724,-0.339436),(386,'Somerset',53,332,1,'somerset','Description',NULL,0,51.105099,-2.926231),(387,'Southampton',54,332,1,'southampton','Description',NULL,0,50.909698,-1.404351),(385,'Sheffield',52,332,1,'sheffield','Description',NULL,0,53.381130,-1.470085),(384,'Salisbury',51,332,1,'salisbury','Description',NULL,0,51.068787,-1.794472),(383,'Salford',50,332,1,'salford','Description',NULL,0,53.487522,-2.290126),(382,'Ripon',49,332,1,'ripon','Description',NULL,0,54.136135,-1.523776),(381,'Preston',48,332,1,'preston','Description',NULL,0,53.763203,-2.703090),(380,'Portsmouth',47,332,1,'portsmouth','Description',NULL,0,50.819767,-1.087977),(379,'Plymouth',46,332,1,'plymouth','Description',NULL,0,50.375458,-4.142656),(378,'Peterborough',45,332,1,'peterborough','Description',NULL,0,52.569496,-0.240530),(377,'Oxford',44,332,1,'oxford','Description',NULL,0,51.752022,-1.257726),(376,'Nottingham',43,332,1,'nottingham','Description',NULL,0,52.954784,-1.158109),(375,'Norwich',42,332,1,'norwich','Description',NULL,0,52.630886,1.297355),(374,'Newcastle upon Tyne',41,332,1,'newcastle-upon-tyne','Description',NULL,0,54.978252,-1.617780),(373,'Milton Keynes',40,332,1,'milton-keynes','Description',NULL,0,52.040623,-0.759417),(372,'Middlesex',39,332,1,'middlesex','Description',NULL,0,40.572601,-74.492653),(371,'Middlesbrough',38,332,1,'middlesbrough','Description',NULL,0,54.574226,-1.234956),(370,'Manchester',37,332,1,'manchester','Description',NULL,0,53.480759,-2.242631),(369,'Luton',36,332,1,'luton','Description',NULL,0,51.878670,-0.420026),(368,'London',35,332,1,'london','Description',NULL,0,51.507351,-0.127758),(367,'Liverpool',34,332,1,'liverpool','Description',NULL,0,53.408371,-2.991573),(366,'Lincoln',33,332,1,'lincoln','Description',NULL,0,40.825764,-96.685196),(365,'Lichfield',32,332,1,'lichfield','Description',NULL,0,52.681602,-1.831672),(364,'Leicester',31,332,1,'leicester','Description',NULL,0,52.636879,-1.139759),(363,'Leeds',30,332,1,'leeds','Description',NULL,0,53.800755,-1.549077),(397,'Wolverhampton',64,332,1,'wolverhampton','Description',NULL,0,52.586971,-2.128820),(361,'Kingston upon Hull',28,332,1,'kingston-upon-hull','Description',NULL,0,53.745670,-0.336741),(360,'Kent',27,332,1,'kent','Description',NULL,0,51.278709,0.521725),(359,'Hove',26,332,1,'hove','Description',NULL,0,50.827930,-0.168749),(358,'Hertfordshire',25,332,1,'hertfordshire','Description',NULL,0,51.809780,-0.237674),(357,'Hereford',24,332,1,'hereford','Description',NULL,0,52.056396,-2.715974),(356,'Halifax',23,332,1,'halifax','Description',NULL,0,53.727020,-1.857540),(355,'Gloucester',22,332,1,'gloucester','Description',NULL,0,51.864246,-2.238156),(354,'Exeter',21,332,1,'exeter','Description',NULL,0,50.718410,-3.533899),(353,' Essex',20,332,1,'essex','Description',NULL,0,51.734329,0.469089),(351,'Durham',18,332,1,'durham','Description',NULL,0,35.994034,-78.898621),(352,'Ely',19,332,1,'ely','Description',NULL,0,52.399540,0.262363),(350,'Devon',17,332,1,'devon','Description',NULL,0,50.715557,-3.530875),(349,'Derby',16,332,1,'derby','Description',NULL,0,52.922531,-1.474619),(348,'Coventry',15,332,1,'coventry','Description',NULL,0,52.406822,-1.519693),(347,'Cornwall',14,332,1,'cornwall','Description',NULL,0,50.266048,-5.052712),(362,'Lancaster',29,332,1,'lancaster','Description',NULL,0,40.037876,-76.305511),(345,'Chester',12,332,1,'chester','Description',NULL,0,53.193394,53.193394),(346,'Chichester',13,332,1,'chichester','Description',NULL,0,50.837608,-0.774936),(344,'Chelmsford',11,332,1,'chelmsford','Description',NULL,0,51.735588,0.468550),(343,'Carlisle',10,332,1,'carlisle','Description',NULL,0,40.201023,-77.200272),(342,'Canterbury',9,332,1,'canterbury','Description',NULL,0,51.280231,1.078909),(341,'Cambridge',8,332,1,'cambridge','Description',NULL,0,42.373615,-71.109734),(340,'Buckinghamshire',7,332,1,'buckinghamshire','Description',NULL,0,51.813705,-0.809470),(339,'Bristol',6,332,1,'bristol','Description',NULL,0,51.454514,-2.587910),(338,'Brighton',5,332,1,'brighton','Description',NULL,0,50.822529,-0.137163),(337,'Bradford',4,332,1,'bradford','Description',NULL,0,53.795982,-1.759398),(336,'Birmingham',3,332,1,'birmingham','Description',NULL,0,33.520660,-86.802490),(335,'Berkshire',2,332,1,'berkshire','Description',NULL,0,42.304241,-76.186600),(334,'Bedford',1,332,1,'bedford','Description',NULL,0,32.844017,-97.143066),(333,'Bath',0,332,1,'bath','Description',NULL,0,51.375801,-2.359904),(332,'England',1,1,0,'england','Description',NULL,0,52.355518,-1.174320),(331,'Jersey',1,329,1,'jersey','Description',NULL,0,49.214439,-2.131250),(330,'Guernsey',0,329,1,'guernsey','Description',NULL,0,49.465691,-2.585278),(329,'Channel Islands',0,1,0,'channel-islands','Description',NULL,0,60.619167,-145.793610),(422,'Ballymena',3,418,1,'ballymena','Description',NULL,0,54.865292,-6.280221),(423,'Ballymoney',4,418,1,'ballymoney','Description',NULL,0,55.070488,-6.517371),(424,'Banbridge',5,418,1,'banbridge','Description',NULL,0,54.348728,-6.270480),(425,'Belfast',6,418,1,'belfast','Description',NULL,0,54.597286,-5.930120),(426,'Carrickfergus',7,418,1,'carrickfergus','Description',NULL,0,54.726189,-5.810121),(427,'Castlereagh',8,418,1,'castlereagh','Description',NULL,0,54.575726,-5.888274),(428,'Coleraine',9,418,1,'coleraine','Description',NULL,0,55.132580,-6.664610),(429,'Cookstown',10,418,1,'cookstown','Description',NULL,0,40.049118,-74.562668),(430,'Craigavon',11,418,1,'craigavon','Description',NULL,0,54.442924,-6.417565),(431,'Derry/Londondarry',12,418,1,'derry-londondarry','Description',NULL,0,54.996613,-7.308575),(432,'Down',13,418,1,'down','Description',NULL,0,54.327698,-5.715767),(433,'Dungannon & South Tyrone',14,418,1,'dungannon-south-tyrone','Description',NULL,0,54.504250,-6.753794),(434,'Fermanagh',15,418,1,'fermanagh','Description',NULL,0,54.343830,-7.631873),(435,'Larne',16,418,1,'larne','Description',NULL,0,54.857800,-5.823622),(436,'Limavady',17,418,1,'limavady','Description',NULL,0,55.045456,-6.933676),(437,'Lisburn',18,418,1,'lisburn','Description',NULL,0,54.516247,-6.058011),(438,'Magherafelt',19,418,1,'magherafelt','Description',NULL,0,54.755371,-6.607980),(439,'Moyle',20,418,1,'moyle','Description',NULL,0,55.204735,-6.253174),(440,'Newry & Mourne',21,418,1,'newry-mourne','Description',NULL,0,54.057335,-5.999062),(441,'Newtownabbey',22,418,1,'newtownabbey','Description',NULL,0,54.685280,-5.964502),(442,'North Down',23,418,1,'north-down','Description',NULL,0,54.653629,-5.672492),(443,'Omagh',24,418,1,'omagh','Description',NULL,0,54.597713,-7.309960),(444,'Strabane',25,418,1,'strabane','Description',NULL,0,54.827389,-7.463310),(445,'Scotland ',5,1,0,'scotland','Description',NULL,0,56.490669,-4.202646),(446,'Aberdeen City',0,445,1,'aberdeen-city','Description',NULL,0,57.149715,-2.094278),(447,'Aberdeenshire',1,445,1,'aberdeenshire','Description',NULL,0,57.286873,-2.381568),(448,'Angus',2,445,1,'angus','Description',NULL,0,56.697952,-2.912406),(449,'Argyll & Bute',3,445,1,'argyll-bute','Description',NULL,0,56.414505,-3.455429),(450,'Clackmannanshire',4,445,1,'clackmannanshire','Description',NULL,0,56.107536,-3.752941),(480,'Aberardare',0,479,1,'aberardare','Description',NULL,0,51.716152,-3.451816),(481,'Aberystwyth',1,479,1,'aberystwyth','Description',NULL,0,52.415302,-4.082920),(452,'Dumfries & Galloway',7,445,1,'dumfries-galloway','Description',NULL,0,55.068665,-3.618801),(453,'Dundee',8,445,1,'dundee','Description',NULL,0,56.462017,-2.970721),(454,'East Ayrshire',9,445,1,'east-ayrshire','Description',NULL,0,55.451851,-4.264448),(455,'East Dunbartonshire',10,445,1,'east-dunbartonshire','Description',NULL,0,55.974316,-4.202298),(456,'East Lothian',11,445,1,'east-lothian','Description',NULL,0,55.949337,-2.770446),(457,'East Renfrewshire',12,445,1,'east-renfrewshire','Description',NULL,0,55.770473,-4.335982),(458,'Edinburgh',13,445,1,'edinburgh','Description',NULL,0,55.953251,-3.188267),(459,'Falkirk',14,445,1,'falkirk','Description',NULL,0,56.001877,-3.783913),(460,'Fife',15,445,1,'fife','Description',NULL,0,56.208206,-3.149518),(461,'Glasgow',16,445,1,'glasgow','Description',NULL,0,55.864239,-4.251806),(462,'Inverclyde',17,445,1,'inverclyde','Description',NULL,0,55.931656,-4.680016),(463,'Inverness & Highland Region',18,445,1,'inverness-highland-region','Description',NULL,0,49.067757,-122.314194),(464,'Midlothian',19,445,1,'midlothian','Description',NULL,0,55.874565,-3.105353),(465,'Moray',20,445,1,'moray','Description',NULL,0,57.649849,-3.316804),(466,'North Ayrshire',21,445,1,'north-ayrshire','Description',NULL,0,55.641674,-4.759460),(467,'North Lanarkshire',22,445,1,'north-lanarkshire','Description',NULL,0,55.866241,-3.961314),(468,'Orkney',23,445,1,'orkney','Description',NULL,0,58.936600,-2.743876),(469,'Perth & Kinross',24,445,1,'perth-kinross','Description',NULL,0,-32.015072,115.836327),(470,'Renfrewshire',25,445,1,'renfrewshire','Description',NULL,0,55.846653,-4.533126),(471,'Scottish Borders',26,445,1,'scottish-borders','Description',NULL,0,55.548569,-2.786139),(472,'Shetland Islands',27,445,1,'shetland-islands','Description',NULL,0,60.529652,-1.265941),(473,'South Ayrshire',28,445,1,'south-ayrshire','Description',NULL,0,55.458900,-4.629199),(474,'South Lanarkshire',29,445,1,'south-lanarkshire','Description',NULL,0,55.673592,-3.781966),(475,'Stirling',30,445,1,'stirling','Description',NULL,0,56.116524,-3.936903),(476,'West Dunbartonshire',31,445,1,'west-dunbartonshire','Description',NULL,0,55.945091,-4.564626),(477,'West Lothian',32,445,1,'west-lothian','Description',NULL,0,55.907021,-3.551717),(478,'Comhairle Nan Eilean Siar',5,445,1,'comhairle-nan-eilean-siar-2','Description',NULL,0,58.209099,-6.378900),(479,'Wales ',6,1,0,'wales','Description',NULL,0,52.130661,-3.783712),(482,'Ammanford',2,479,1,'ammanford','Description',NULL,0,51.792889,-3.988459),(483,'Bangor',3,479,1,'bangor','Description',NULL,0,44.801182,-68.777817),(484,'Barry',4,479,1,'barry','Description',NULL,0,46.865654,0.771022),(485,'Bridgend',5,479,1,'bridgend','Description',NULL,0,51.504288,-3.576945),(486,'Buckley',6,479,1,'buckley','Description',NULL,0,53.170052,-3.081488),(487,'Cardiff',7,479,1,'cardiff','Description',NULL,0,51.481583,-3.179090),(488,'Carmarthen',8,479,1,'carmarthen','Description',NULL,0,51.857620,-4.312131),(489,'Church Village',9,479,1,'church-village','Description',NULL,0,51.566143,-3.317116),(490,'Colwyn Bay',10,479,1,'colwyn-bay','Description',NULL,0,53.293182,-3.727640),(491,'Ebbw Vale',11,479,1,'ebbw-vale','Description',NULL,0,51.777531,-3.206151),(492,'Flint',12,479,1,'flint','Description',NULL,0,43.012527,-83.687454),(493,'Haverfordwest',13,479,1,'haverfordwest','Description',NULL,0,51.800476,-4.971319),(494,'Kinmel Bay & Abergele',14,479,1,'kinmel-bay-abergele','Description',NULL,0,53.284355,-3.581405),(495,'Llandudno',15,479,1,'llandudno','Description',NULL,0,53.324062,-3.827609),(496,'Llanelli',16,479,1,'llanelli','Description',NULL,0,51.680885,-4.160248),(497,'Maesteg',17,479,1,'maesteg','Description',NULL,0,51.608562,-3.660466),(498,'Merthyr Tydfil',18,479,1,'merthyr-tydfil','Description',NULL,0,51.748730,-3.381646),(499,'Newport',19,479,1,'newport-2','Description',NULL,0,41.490101,-71.312828),(500,'Porthcawl',20,479,1,'porthcawl','Description',NULL,0,51.478970,-3.705163),(501,'Rhosllanerchrugog',21,479,1,'rhosllanerchrugog','Description',NULL,0,53.013058,-3.057852),(502,'Rhyl & Prestatyn',22,479,1,'rhyl-prestatyn','Description',NULL,0,53.328735,-3.466034),(503,'St Asaph',23,479,1,'st-asaph','Description',NULL,0,53.257713,-3.441876),(504,'St Davids',24,479,1,'st-davids','Description',NULL,0,52.585896,-2.121413),(505,'Swansea',25,479,1,'swansea','Description',NULL,0,51.621441,-3.943646),(506,'Tonypandy',26,479,1,'tonypandy','Description',NULL,0,51.624352,-3.458067),(507,'Tredegar',27,479,1,'tredegar','Description',NULL,0,51.772617,-3.246775),(508,'Wrexham',28,479,1,'wrexham','Description',NULL,0,53.043041,-2.992494);

/*Table structure for table `oc2_messages` */

DROP TABLE IF EXISTS `oc2_messages`;

CREATE TABLE `oc2_messages` (
  `id_message` int(10) unsigned NOT NULL AUTO_INCREMENT,
  `id_ad` int(10) unsigned DEFAULT NULL,
  `id_message_parent` int(10) unsigned DEFAULT NULL,
  `id_user_from` int(10) unsigned NOT NULL,
  `id_user_to` int(10) unsigned NOT NULL,
  `message` text NOT NULL,
  `price` decimal(14,3) NOT NULL DEFAULT '0.000',
  `read_date` datetime DEFAULT NULL,
  `created` timestamp NOT NULL DEFAULT CURRENT_TIMESTAMP,
  `status_to` tinyint(1) NOT NULL DEFAULT '0',
  `status_from` tinyint(1) NOT NULL DEFAULT '0',
  PRIMARY KEY (`id_message`) USING BTREE
) ENGINE=MyISAM AUTO_INCREMENT=5 DEFAULT CHARSET=utf8;

/*Data for the table `oc2_messages` */

insert  into `oc2_messages`(`id_message`,`id_ad`,`id_message_parent`,`id_user_from`,`id_user_to`,`message`,`price`,`read_date`,`created`,`status_to`,`status_from`) values (1,3,1,2,1,'hi sir','0.000','2016-03-02 13:18:59','2016-03-02 13:17:15',2,0),(2,3,1,1,2,'hai\n','0.000','2016-03-03 05:31:26','2016-03-02 13:19:35',1,2),(3,15,3,1,6,'test','0.000',NULL,'2016-03-11 12:45:18',0,0),(4,15,3,1,6,'x','0.000',NULL,'2016-03-11 12:46:25',0,0);

/*Table structure for table `oc2_orders` */

DROP TABLE IF EXISTS `oc2_orders`;

CREATE TABLE `oc2_orders` (
  `id_order` int(10) unsigned NOT NULL AUTO_INCREMENT,
  `order_no` varchar(50) NOT NULL,
  `id_user` int(10) unsigned NOT NULL,
  `id_ad` int(10) unsigned DEFAULT NULL,
  `id_product` varchar(20) NOT NULL,
  `id_coupon` int(10) unsigned DEFAULT NULL,
  `paymethod` varchar(20) DEFAULT NULL,
  `created` timestamp NOT NULL DEFAULT CURRENT_TIMESTAMP,
  `pay_date` datetime DEFAULT NULL,
  `currency` char(3) NOT NULL,
  `amount` decimal(14,3) NOT NULL DEFAULT '0.000',
  `status` tinyint(1) NOT NULL DEFAULT '0',
  `description` varchar(145) DEFAULT NULL,
  `txn_id` varchar(255) DEFAULT NULL,
  `featured_days` int(10) unsigned DEFAULT NULL,
  PRIMARY KEY (`id_order`),
  KEY `oc2_orders_IK_id_user` (`id_user`),
  KEY `oc2_orders_IK_status` (`status`)
) ENGINE=MyISAM AUTO_INCREMENT=17 DEFAULT CHARSET=utf8;

/*Data for the table `oc2_orders` */

insert  into `oc2_orders`(`id_order`,`order_no`,`id_user`,`id_ad`,`id_product`,`id_coupon`,`paymethod`,`created`,`pay_date`,`currency`,`amount`,`status`,`description`,`txn_id`,`featured_days`) values (1,'56efdd45e0cdd',1,13,'3',NULL,'paypal','2016-03-21 12:38:45','2016-03-21 12:39:25','USD','6.990',1,'Feature ad','9PW45345PD951263R',7),(2,'56efdd45e0cdd',1,13,'5',NULL,'paypal','2016-03-21 12:38:45','2016-03-21 12:39:25','USD','19.990',1,'Premium ad','9PW45345PD951263R',30),(3,'56efe4a16b6cd',1,12,'3',NULL,'paypal','2016-03-21 13:10:09','2016-03-21 13:10:43','USD','24.990',1,'Feature ad','62L699747R581604X',30),(4,'56efe4a16b6cd',1,12,'5',NULL,'paypal','2016-03-21 13:10:09','2016-03-21 13:10:43','USD','5.990',1,'Premium ad','62L699747R581604X',7),(5,'56efe4a16b6cd',1,12,'7',NULL,'paypal','2016-03-21 13:10:09','2016-03-21 13:10:43','USD','14.990',1,'Highlighted ad','62L699747R581604X',30),(6,'56f0433cb06ac',1,16,'9',NULL,NULL,'2016-03-21 19:53:48',NULL,'USD','5.990',0,'Link your website',NULL,7),(7,'56f427c7c44a4',1,11,'9',NULL,NULL,'2016-03-24 18:45:43',NULL,'USD','5.990',0,'Link your website',NULL,7),(8,'56f427f3ac6b4',1,11,'9',NULL,NULL,'2016-03-24 18:46:27',NULL,'USD','5.990',0,'Link your website',NULL,7),(9,'56f42813bc50d',1,11,'9',NULL,NULL,'2016-03-24 18:46:59',NULL,'USD','5.990',0,'Link your website',NULL,7),(10,'56f429a52de65',1,11,'8',NULL,NULL,'2016-03-24 18:53:41',NULL,'USD','5.990',0,'Bump up ad',NULL,7),(11,'56f429b0225cf',1,11,'8',NULL,NULL,'2016-03-24 18:53:52',NULL,'USD','5.990',0,'Bump up ad',NULL,7),(12,'56f429b0225cf',1,11,'9',NULL,NULL,'2016-03-24 18:53:52',NULL,'USD','5.990',0,'Link your website',NULL,7),(13,'56f42a4146edc',1,11,'8',NULL,NULL,'2016-03-24 18:56:17',NULL,'USD','5.990',0,'Bump up ad',NULL,7),(14,'56f42a4146edc',1,11,'9',NULL,NULL,'2016-03-24 18:56:17',NULL,'USD','5.990',0,'Link your website',NULL,7),(15,'56f42c8a51bff',1,11,'8',NULL,NULL,'2016-03-24 19:06:02',NULL,'USD','5.990',0,'Bump up ad',NULL,7),(16,'56f42c8a51bff',1,11,'9',NULL,NULL,'2016-03-24 19:06:02',NULL,'USD','5.990',0,'Link your website',NULL,7);

/*Table structure for table `oc2_posts` */

DROP TABLE IF EXISTS `oc2_posts`;

CREATE TABLE `oc2_posts` (
  `id_post` int(10) unsigned NOT NULL AUTO_INCREMENT,
  `id_user` int(10) unsigned NOT NULL,
  `id_post_parent` int(10) unsigned DEFAULT NULL,
  `id_forum` int(10) unsigned DEFAULT NULL,
  `title` varchar(245) NOT NULL,
  `seotitle` varchar(245) NOT NULL,
  `description` longtext NOT NULL,
  `created` timestamp NOT NULL DEFAULT CURRENT_TIMESTAMP,
  `ip_address` bigint(20) DEFAULT NULL,
  `status` tinyint(1) NOT NULL DEFAULT '0',
  PRIMARY KEY (`id_post`) USING BTREE,
  UNIQUE KEY `oc2_posts_UK_seotitle` (`seotitle`),
  KEY `oc2_posts_IK_id_user` (`id_user`),
  KEY `oc2_posts_IK_id_post_parent` (`id_post_parent`),
  KEY `oc2_posts_IK_id_forum` (`id_forum`)
) ENGINE=MyISAM DEFAULT CHARSET=utf8;

/*Data for the table `oc2_posts` */

/*Table structure for table `oc2_reviews` */

DROP TABLE IF EXISTS `oc2_reviews`;

CREATE TABLE `oc2_reviews` (
  `id_review` int(10) unsigned NOT NULL AUTO_INCREMENT,
  `id_user` int(10) unsigned NOT NULL,
  `id_ad` int(10) unsigned NOT NULL,
  `rate` int(2) unsigned NOT NULL DEFAULT '0',
  `description` varchar(1000) NOT NULL,
  `created` timestamp NOT NULL DEFAULT CURRENT_TIMESTAMP,
  `ip_address` bigint(20) DEFAULT NULL,
  `status` tinyint(1) NOT NULL DEFAULT '0',
  PRIMARY KEY (`id_review`) USING BTREE,
  KEY `oc2_reviews_IK_id_user` (`id_user`),
  KEY `oc2_reviews_IK_id_ad` (`id_ad`)
) ENGINE=MyISAM DEFAULT CHARSET=utf8;

/*Data for the table `oc2_reviews` */

/*Table structure for table `oc2_roles` */

DROP TABLE IF EXISTS `oc2_roles`;

CREATE TABLE `oc2_roles` (
  `id_role` int(10) unsigned NOT NULL AUTO_INCREMENT,
  `name` varchar(45) DEFAULT NULL,
  `description` varchar(245) DEFAULT NULL,
  `date_created` timestamp NOT NULL DEFAULT CURRENT_TIMESTAMP,
  PRIMARY KEY (`id_role`),
  UNIQUE KEY `oc2_roles_UK_name` (`name`)
) ENGINE=MyISAM AUTO_INCREMENT=11 DEFAULT CHARSET=utf8;

/*Data for the table `oc2_roles` */

insert  into `oc2_roles`(`id_role`,`name`,`description`,`date_created`) values (1,'user','Normal user','2016-02-11 22:41:17'),(5,'translator','User + Translations','2016-02-11 22:41:17'),(7,'moderator','Moderator','2016-02-11 22:41:17'),(10,'admin','Full access','2016-02-11 22:41:17');

/*Table structure for table `oc2_subscribers` */

DROP TABLE IF EXISTS `oc2_subscribers`;

CREATE TABLE `oc2_subscribers` (
  `id_subscribe` int(10) unsigned NOT NULL AUTO_INCREMENT,
  `id_user` int(10) unsigned NOT NULL,
  `id_category` int(10) unsigned NOT NULL DEFAULT '0',
  `id_location` int(10) unsigned NOT NULL DEFAULT '0',
  `min_price` decimal(14,3) NOT NULL DEFAULT '0.000',
  `max_price` decimal(14,3) NOT NULL DEFAULT '0.000',
  `created` timestamp NOT NULL DEFAULT CURRENT_TIMESTAMP ON UPDATE CURRENT_TIMESTAMP,
  PRIMARY KEY (`id_subscribe`)
) ENGINE=MyISAM DEFAULT CHARSET=utf8;

/*Data for the table `oc2_subscribers` */

/*Table structure for table `oc2_users` */

DROP TABLE IF EXISTS `oc2_users`;

CREATE TABLE `oc2_users` (
  `id_user` int(10) unsigned NOT NULL AUTO_INCREMENT,
  `name` varchar(145) DEFAULT NULL,
  `seoname` varchar(145) DEFAULT NULL,
  `email` varchar(145) NOT NULL,
  `password` varchar(64) NOT NULL,
  `description` text,
  `status` int(1) NOT NULL DEFAULT '0',
  `id_role` int(10) unsigned DEFAULT '1',
  `id_location` int(10) unsigned DEFAULT NULL,
  `created` timestamp NOT NULL DEFAULT CURRENT_TIMESTAMP,
  `last_modified` datetime DEFAULT NULL,
  `logins` int(10) unsigned NOT NULL DEFAULT '0',
  `last_login` datetime DEFAULT NULL,
  `last_ip` bigint(20) DEFAULT NULL,
  `user_agent` varchar(40) DEFAULT NULL,
  `token` varchar(40) DEFAULT NULL,
  `token_created` datetime DEFAULT NULL,
  `token_expires` datetime DEFAULT NULL,
  `api_token` varchar(40) DEFAULT NULL,
  `hybridauth_provider_name` varchar(40) DEFAULT NULL,
  `hybridauth_provider_uid` varchar(245) DEFAULT NULL,
  `subscriber` tinyint(1) NOT NULL DEFAULT '1',
  `rate` float(4,2) DEFAULT NULL,
  `has_image` tinyint(1) NOT NULL DEFAULT '0',
  `failed_attempts` int(10) unsigned NOT NULL DEFAULT '0',
  `last_failed` datetime DEFAULT NULL,
  `notification_date` datetime DEFAULT NULL,
  `device_id` varchar(255) DEFAULT NULL,
  PRIMARY KEY (`id_user`),
  UNIQUE KEY `oc2_users_UK_email` (`email`),
  UNIQUE KEY `oc2_users_UK_token` (`token`),
  UNIQUE KEY `oc2_users_UK_api_token` (`api_token`),
  UNIQUE KEY `oc2_users_UK_seoname` (`seoname`),
  UNIQUE KEY `oc2_users_UK_provider_AND_uid` (`hybridauth_provider_name`,`hybridauth_provider_uid`)
) ENGINE=MyISAM AUTO_INCREMENT=7 DEFAULT CHARSET=utf8;

/*Data for the table `oc2_users` */

insert  into `oc2_users`(`id_user`,`name`,`seoname`,`email`,`password`,`description`,`status`,`id_role`,`id_location`,`created`,`last_modified`,`logins`,`last_login`,`last_ip`,`user_agent`,`token`,`token_created`,`token_expires`,`api_token`,`hybridauth_provider_name`,`hybridauth_provider_uid`,`subscriber`,`rate`,`has_image`,`failed_attempts`,`last_failed`,`notification_date`,`device_id`) values (1,'Ernest','admin','admin@admin.com','5f6547a7876bebe722c0e415003a702a444805022adefe7ba8d582cece505f43',NULL,1,10,NULL,'2016-02-11 22:41:17','2016-03-04 12:23:23',130,'2016-03-31 04:04:52',0,'eb5b4540ceed9f15fced609a7141c0a4fe715102','19660e6aa526828d739e264cec1dc66747fd1644','2016-03-31 04:04:52','2016-06-29 04:04:52',NULL,NULL,NULL,1,NULL,1,0,'2016-03-24 18:27:27',NULL,NULL),(2,'malar','malar','malarboopathi1993@gmail.com','f568710f186e6313114361f456bf5c858ba459cf910da96f056a346fa355df7c',NULL,1,1,NULL,'2016-02-27 10:59:01','2016-03-03 07:10:32',12,'2016-03-05 10:58:33',2057603327,'fc87396bd6709a3fd8cdfdb867ee29499de526c3','36fcad31bd4c096db4b9da855a7990725106e95b','2016-03-05 10:58:32','2016-06-03 11:58:32',NULL,NULL,NULL,1,NULL,0,0,NULL,NULL,NULL),(3,'Kumaresh','kumaresh','kumaresh@esconite.com','36dee994d98feefb12af55f741f5e5a1af28001142bfb470f944ccdc148c34c6',NULL,1,1,NULL,'2016-02-29 07:49:16','2016-03-05 01:35:30',4,'2016-03-03 05:11:37',2057610609,'582c017544925f1dc9e1091cf5357ea00a1ae405','bd23ae295343fd744d5bf6829cf17ce92c2e70f6','2016-03-04 13:40:57','2016-06-02 14:40:57',NULL,NULL,NULL,0,NULL,0,0,NULL,NULL,NULL),(4,'malar','malar-2','porkodi@esconite.com','b9be3c71dda229171377b3aab2eaf3f665937690facca289e5af78f9099dd5bc',NULL,1,1,NULL,'2016-02-29 07:50:44',NULL,1,'2016-02-29 07:50:44',2057572860,'fc87396bd6709a3fd8cdfdb867ee29499de526c3','757d410b8eb4961185b913a77ba683902d1f0839','2016-02-29 07:50:44','2016-05-29 08:50:44',NULL,NULL,NULL,1,NULL,0,0,NULL,NULL,NULL),(6,'Arivu Ajay','arivu-ajay','arivu.sacs@gmail.com','5f6547a7876bebe722c0e415003a702a444805022adefe7ba8d582cece505f43',NULL,1,1,NULL,'2016-03-08 10:52:58',NULL,2,'2016-03-15 12:06:04',0,'eb5b4540ceed9f15fced609a7141c0a4fe715102','13083794a300863788d55f43746a0de729e66936','2016-03-15 12:06:04','2016-06-13 13:06:04',NULL,NULL,NULL,1,NULL,0,0,'2016-03-15 12:05:09',NULL,NULL);

/*Table structure for table `oc2_visits` */

DROP TABLE IF EXISTS `oc2_visits`;

CREATE TABLE `oc2_visits` (
  `id_visit` int(10) unsigned NOT NULL AUTO_INCREMENT,
  `id_ad` int(10) unsigned DEFAULT NULL,
  `id_user` int(10) unsigned DEFAULT NULL,
  `contacted` tinyint(1) NOT NULL DEFAULT '0',
  `created` timestamp NOT NULL DEFAULT CURRENT_TIMESTAMP,
  PRIMARY KEY (`id_visit`),
  KEY `oc2_visits_IK_id_ad` (`id_ad`)
) ENGINE=MyISAM AUTO_INCREMENT=59 DEFAULT CHARSET=utf8;

/*Data for the table `oc2_visits` */

insert  into `oc2_visits`(`id_visit`,`id_ad`,`id_user`,`contacted`,`created`) values (1,NULL,NULL,0,'2016-02-19 03:44:25'),(2,NULL,NULL,0,'2016-02-22 02:52:09'),(3,NULL,NULL,0,'2016-02-23 05:47:12'),(4,NULL,NULL,0,'2016-02-23 05:47:19'),(5,NULL,NULL,0,'2016-02-23 05:47:20'),(6,NULL,NULL,0,'2016-02-23 05:47:23'),(7,NULL,NULL,0,'2016-02-23 05:48:33'),(8,NULL,NULL,0,'2016-02-23 09:09:50'),(9,NULL,NULL,0,'2016-02-23 22:49:57'),(10,NULL,NULL,0,'2016-02-23 22:51:40'),(11,NULL,NULL,0,'2016-02-23 22:52:02'),(12,NULL,NULL,0,'2016-02-23 23:16:51'),(13,NULL,NULL,0,'2016-02-23 23:16:51'),(14,3,NULL,0,'2016-02-27 02:47:28'),(15,3,NULL,0,'2016-02-27 02:49:50'),(16,5,NULL,0,'2016-02-27 03:17:14'),(17,10,NULL,0,'2016-02-28 09:20:04'),(18,10,4,0,'2016-02-28 23:51:53'),(19,10,3,0,'2016-02-28 23:57:07'),(20,11,NULL,0,'2016-02-29 00:10:25'),(21,6,3,0,'2016-02-29 01:44:04'),(22,3,NULL,0,'2016-02-29 02:43:35'),(23,3,NULL,0,'2016-02-29 02:48:58'),(24,3,NULL,0,'2016-02-29 02:49:47'),(25,10,NULL,0,'2016-02-29 02:55:03'),(26,10,NULL,0,'2016-02-29 02:59:44'),(27,10,NULL,0,'2016-03-01 22:44:38'),(28,10,NULL,0,'2016-03-01 22:44:59'),(29,5,NULL,0,'2016-03-01 22:46:02'),(30,11,NULL,0,'2016-03-01 23:01:49'),(31,11,NULL,0,'2016-03-01 23:17:24'),(32,11,NULL,0,'2016-03-02 03:50:53'),(33,3,2,1,'2016-03-02 05:16:52'),(34,3,2,0,'2016-03-02 05:17:16'),(35,11,3,0,'2016-03-02 06:20:09'),(36,11,3,0,'2016-03-02 06:20:57'),(37,11,NULL,0,'2016-03-02 06:26:44'),(38,11,NULL,0,'2016-03-02 10:27:45'),(39,4,NULL,0,'2016-03-04 23:58:22'),(40,14,NULL,0,'2016-03-05 00:13:14'),(41,14,1,0,'2016-03-05 00:13:26'),(42,14,1,0,'2016-03-05 00:17:52'),(43,14,1,0,'2016-03-05 00:18:31'),(44,4,NULL,0,'2016-03-05 00:18:48'),(45,4,NULL,0,'2016-03-05 00:20:47'),(46,4,NULL,0,'2016-03-05 00:20:47'),(47,4,NULL,0,'2016-03-05 00:21:44'),(48,4,NULL,0,'2016-03-05 00:23:36'),(49,4,NULL,0,'2016-03-05 00:29:00'),(50,4,NULL,0,'2016-03-05 00:51:36'),(51,11,6,0,'2016-03-08 03:14:40'),(52,11,NULL,0,'2016-03-08 03:15:20'),(53,9,NULL,0,'2016-03-09 03:17:09'),(54,15,1,1,'2016-03-11 04:44:47'),(55,15,1,1,'2016-03-11 04:45:19'),(56,15,1,0,'2016-03-11 04:46:25'),(57,15,1,0,'2016-03-11 04:47:01'),(58,11,NULL,0,'2016-03-11 05:27:51');

/*!40101 SET SQL_MODE=@OLD_SQL_MODE */;
/*!40014 SET FOREIGN_KEY_CHECKS=@OLD_FOREIGN_KEY_CHECKS */;
/*!40014 SET UNIQUE_CHECKS=@OLD_UNIQUE_CHECKS */;
/*!40111 SET SQL_NOTES=@OLD_SQL_NOTES */;
